id_section,id_district,district,supportedmayor,group,votes
1,12,C.STORICO/PIEDICASTELLO,BORTOLOTTI GIULIA,MOVIMENTO 5 STELLE,5
1,12,C.STORICO/PIEDICASTELLO,BORTOLOTTI GIULIA,ONDA,4
1,12,C.STORICO/PIEDICASTELLO,BORTOLOTTI GIULIA,RIFONDAZIONE PARTITO COMUNISTA,2
1,12,C.STORICO/PIEDICASTELLO,DEMARCHI ANDREA,PRIMA TRENTO! PER DEMARCHI SINDACO,5
1,12,C.STORICO/PIEDICASTELLO,GABRIELLI SIMONETTA,DEMOCRAZIA SOVRANA POPOLARE,1
1,12,C.STORICO/PIEDICASTELLO,GEAT CLAUDIO,GENERAZIONE TRENTO GEAT SINDACO,9
1,12,C.STORICO/PIEDICASTELLO,GOIO ILARIA,FORZA ITALIA BERLUSCONI PRESIDENTE,12
1,12,C.STORICO/PIEDICASTELLO,GOIO ILARIA,GIORGIA MELONI FRATELLI D'ITALIA,19
1,12,C.STORICO/PIEDICASTELLO,GOIO ILARIA,LEGA SALVINI PREMIER,11
1,12,C.STORICO/PIEDICASTELLO,IANESELLI FRANCO,ALLEANZA VERDI SINISTRA,15
1,12,C.STORICO/PIEDICASTELLO,IANESELLI FRANCO,CAMPOBASE,8
1,12,C.STORICO/PIEDICASTELLO,IANESELLI FRANCO,INSIEME PER TRENTO,9
1,12,C.STORICO/PIEDICASTELLO,IANESELLI FRANCO,INTESA PER IANESELLI SINDACO,14
1,12,C.STORICO/PIEDICASTELLO,IANESELLI FRANCO,PARTITO DEMOCRATICO DEL TRENTINO - PSI,55
1,12,C.STORICO/PIEDICASTELLO,IANESELLI FRANCO,SÌ TRENTO,6
2,12,C.STORICO/PIEDICASTELLO,BORTOLOTTI GIULIA,MOVIMENTO 5 STELLE,11
2,12,C.STORICO/PIEDICASTELLO,BORTOLOTTI GIULIA,ONDA,10
2,12,C.STORICO/PIEDICASTELLO,BORTOLOTTI GIULIA,RIFONDAZIONE PARTITO COMUNISTA,9
2,12,C.STORICO/PIEDICASTELLO,DEMARCHI ANDREA,PRIMA TRENTO! PER DEMARCHI SINDACO,14
2,12,C.STORICO/PIEDICASTELLO,GABRIELLI SIMONETTA,DEMOCRAZIA SOVRANA POPOLARE,8
2,12,C.STORICO/PIEDICASTELLO,GEAT CLAUDIO,GENERAZIONE TRENTO GEAT SINDACO,28
2,12,C.STORICO/PIEDICASTELLO,GOIO ILARIA,FORZA ITALIA BERLUSCONI PRESIDENTE,21
2,12,C.STORICO/PIEDICASTELLO,GOIO ILARIA,GIORGIA MELONI FRATELLI D'ITALIA,65
2,12,C.STORICO/PIEDICASTELLO,GOIO ILARIA,LEGA SALVINI PREMIER,16
2,12,C.STORICO/PIEDICASTELLO,IANESELLI FRANCO,ALLEANZA VERDI SINISTRA,25
2,12,C.STORICO/PIEDICASTELLO,IANESELLI FRANCO,CAMPOBASE,51
2,12,C.STORICO/PIEDICASTELLO,IANESELLI FRANCO,INSIEME PER TRENTO,42
2,12,C.STORICO/PIEDICASTELLO,IANESELLI FRANCO,INTESA PER IANESELLI SINDACO,25
2,12,C.STORICO/PIEDICASTELLO,IANESELLI FRANCO,PARTITO DEMOCRATICO DEL TRENTINO - PSI,109
2,12,C.STORICO/PIEDICASTELLO,IANESELLI FRANCO,SÌ TRENTO,16
3,12,C.STORICO/PIEDICASTELLO,BORTOLOTTI GIULIA,MOVIMENTO 5 STELLE,5
3,12,C.STORICO/PIEDICASTELLO,BORTOLOTTI GIULIA,ONDA,4
3,12,C.STORICO/PIEDICASTELLO,BORTOLOTTI GIULIA,RIFONDAZIONE PARTITO COMUNISTA,3
3,12,C.STORICO/PIEDICASTELLO,DEMARCHI ANDREA,PRIMA TRENTO! PER DEMARCHI SINDACO,15
3,12,C.STORICO/PIEDICASTELLO,GABRIELLI SIMONETTA,DEMOCRAZIA SOVRANA POPOLARE,8
3,12,C.STORICO/PIEDICASTELLO,GEAT CLAUDIO,GENERAZIONE TRENTO GEAT SINDACO,24
3,12,C.STORICO/PIEDICASTELLO,GOIO ILARIA,FORZA ITALIA BERLUSCONI PRESIDENTE,21
3,12,C.STORICO/PIEDICASTELLO,GOIO ILARIA,GIORGIA MELONI FRATELLI D'ITALIA,40
3,12,C.STORICO/PIEDICASTELLO,GOIO ILARIA,LEGA SALVINI PREMIER,11
3,12,C.STORICO/PIEDICASTELLO,IANESELLI FRANCO,ALLEANZA VERDI SINISTRA,24
3,12,C.STORICO/PIEDICASTELLO,IANESELLI FRANCO,CAMPOBASE,24
3,12,C.STORICO/PIEDICASTELLO,IANESELLI FRANCO,INSIEME PER TRENTO,38
3,12,C.STORICO/PIEDICASTELLO,IANESELLI FRANCO,INTESA PER IANESELLI SINDACO,27
3,12,C.STORICO/PIEDICASTELLO,IANESELLI FRANCO,PARTITO DEMOCRATICO DEL TRENTINO - PSI,88
3,12,C.STORICO/PIEDICASTELLO,IANESELLI FRANCO,SÌ TRENTO,29
4,12,C.STORICO/PIEDICASTELLO,BORTOLOTTI GIULIA,MOVIMENTO 5 STELLE,9
4,12,C.STORICO/PIEDICASTELLO,BORTOLOTTI GIULIA,ONDA,15
4,12,C.STORICO/PIEDICASTELLO,BORTOLOTTI GIULIA,RIFONDAZIONE PARTITO COMUNISTA,12
4,12,C.STORICO/PIEDICASTELLO,DEMARCHI ANDREA,PRIMA TRENTO! PER DEMARCHI SINDACO,8
4,12,C.STORICO/PIEDICASTELLO,GABRIELLI SIMONETTA,DEMOCRAZIA SOVRANA POPOLARE,5
4,12,C.STORICO/PIEDICASTELLO,GEAT CLAUDIO,GENERAZIONE TRENTO GEAT SINDACO,57
4,12,C.STORICO/PIEDICASTELLO,GOIO ILARIA,FORZA ITALIA BERLUSCONI PRESIDENTE,16
4,12,C.STORICO/PIEDICASTELLO,GOIO ILARIA,GIORGIA MELONI FRATELLI D'ITALIA,66
4,12,C.STORICO/PIEDICASTELLO,GOIO ILARIA,LEGA SALVINI PREMIER,21
4,12,C.STORICO/PIEDICASTELLO,IANESELLI FRANCO,ALLEANZA VERDI SINISTRA,42
4,12,C.STORICO/PIEDICASTELLO,IANESELLI FRANCO,CAMPOBASE,28
4,12,C.STORICO/PIEDICASTELLO,IANESELLI FRANCO,INSIEME PER TRENTO,60
4,12,C.STORICO/PIEDICASTELLO,IANESELLI FRANCO,INTESA PER IANESELLI SINDACO,26
4,12,C.STORICO/PIEDICASTELLO,IANESELLI FRANCO,PARTITO DEMOCRATICO DEL TRENTINO - PSI,111
4,12,C.STORICO/PIEDICASTELLO,IANESELLI FRANCO,SÌ TRENTO,19
5,12,C.STORICO/PIEDICASTELLO,BORTOLOTTI GIULIA,MOVIMENTO 5 STELLE,7
5,12,C.STORICO/PIEDICASTELLO,BORTOLOTTI GIULIA,ONDA,11
5,12,C.STORICO/PIEDICASTELLO,BORTOLOTTI GIULIA,RIFONDAZIONE PARTITO COMUNISTA,8
5,12,C.STORICO/PIEDICASTELLO,DEMARCHI ANDREA,PRIMA TRENTO! PER DEMARCHI SINDACO,18
5,12,C.STORICO/PIEDICASTELLO,GABRIELLI SIMONETTA,DEMOCRAZIA SOVRANA POPOLARE,6
5,12,C.STORICO/PIEDICASTELLO,GEAT CLAUDIO,GENERAZIONE TRENTO GEAT SINDACO,39
5,12,C.STORICO/PIEDICASTELLO,GOIO ILARIA,FORZA ITALIA BERLUSCONI PRESIDENTE,23
5,12,C.STORICO/PIEDICASTELLO,GOIO ILARIA,GIORGIA MELONI FRATELLI D'ITALIA,53
5,12,C.STORICO/PIEDICASTELLO,GOIO ILARIA,LEGA SALVINI PREMIER,26
5,12,C.STORICO/PIEDICASTELLO,IANESELLI FRANCO,ALLEANZA VERDI SINISTRA,22
5,12,C.STORICO/PIEDICASTELLO,IANESELLI FRANCO,CAMPOBASE,14
5,12,C.STORICO/PIEDICASTELLO,IANESELLI FRANCO,INSIEME PER TRENTO,38
5,12,C.STORICO/PIEDICASTELLO,IANESELLI FRANCO,INTESA PER IANESELLI SINDACO,7
5,12,C.STORICO/PIEDICASTELLO,IANESELLI FRANCO,PARTITO DEMOCRATICO DEL TRENTINO - PSI,81
5,12,C.STORICO/PIEDICASTELLO,IANESELLI FRANCO,SÌ TRENTO,9
6,12,C.STORICO/PIEDICASTELLO,BORTOLOTTI GIULIA,MOVIMENTO 5 STELLE,7
6,12,C.STORICO/PIEDICASTELLO,BORTOLOTTI GIULIA,ONDA,4
6,12,C.STORICO/PIEDICASTELLO,BORTOLOTTI GIULIA,RIFONDAZIONE PARTITO COMUNISTA,18
6,12,C.STORICO/PIEDICASTELLO,DEMARCHI ANDREA,PRIMA TRENTO! PER DEMARCHI SINDACO,12
6,12,C.STORICO/PIEDICASTELLO,GABRIELLI SIMONETTA,DEMOCRAZIA SOVRANA POPOLARE,10
6,12,C.STORICO/PIEDICASTELLO,GEAT CLAUDIO,GENERAZIONE TRENTO GEAT SINDACO,51
6,12,C.STORICO/PIEDICASTELLO,GOIO ILARIA,FORZA ITALIA BERLUSCONI PRESIDENTE,16
6,12,C.STORICO/PIEDICASTELLO,GOIO ILARIA,GIORGIA MELONI FRATELLI D'ITALIA,78
6,12,C.STORICO/PIEDICASTELLO,GOIO ILARIA,LEGA SALVINI PREMIER,22
6,12,C.STORICO/PIEDICASTELLO,IANESELLI FRANCO,ALLEANZA VERDI SINISTRA,38
6,12,C.STORICO/PIEDICASTELLO,IANESELLI FRANCO,CAMPOBASE,26
6,12,C.STORICO/PIEDICASTELLO,IANESELLI FRANCO,INSIEME PER TRENTO,32
6,12,C.STORICO/PIEDICASTELLO,IANESELLI FRANCO,INTESA PER IANESELLI SINDACO,18
6,12,C.STORICO/PIEDICASTELLO,IANESELLI FRANCO,PARTITO DEMOCRATICO DEL TRENTINO - PSI,113
6,12,C.STORICO/PIEDICASTELLO,IANESELLI FRANCO,SÌ TRENTO,29
7,12,C.STORICO/PIEDICASTELLO,BORTOLOTTI GIULIA,MOVIMENTO 5 STELLE,9
7,12,C.STORICO/PIEDICASTELLO,BORTOLOTTI GIULIA,ONDA,16
7,12,C.STORICO/PIEDICASTELLO,BORTOLOTTI GIULIA,RIFONDAZIONE PARTITO COMUNISTA,9
7,12,C.STORICO/PIEDICASTELLO,DEMARCHI ANDREA,PRIMA TRENTO! PER DEMARCHI SINDACO,8
7,12,C.STORICO/PIEDICASTELLO,GABRIELLI SIMONETTA,DEMOCRAZIA SOVRANA POPOLARE,3
7,12,C.STORICO/PIEDICASTELLO,GEAT CLAUDIO,GENERAZIONE TRENTO GEAT SINDACO,30
7,12,C.STORICO/PIEDICASTELLO,GOIO ILARIA,FORZA ITALIA BERLUSCONI PRESIDENTE,13
7,12,C.STORICO/PIEDICASTELLO,GOIO ILARIA,GIORGIA MELONI FRATELLI D'ITALIA,48
7,12,C.STORICO/PIEDICASTELLO,GOIO ILARIA,LEGA SALVINI PREMIER,29
7,12,C.STORICO/PIEDICASTELLO,IANESELLI FRANCO,ALLEANZA VERDI SINISTRA,19
7,12,C.STORICO/PIEDICASTELLO,IANESELLI FRANCO,CAMPOBASE,17
7,12,C.STORICO/PIEDICASTELLO,IANESELLI FRANCO,INSIEME PER TRENTO,45
7,12,C.STORICO/PIEDICASTELLO,IANESELLI FRANCO,INTESA PER IANESELLI SINDACO,13
7,12,C.STORICO/PIEDICASTELLO,IANESELLI FRANCO,PARTITO DEMOCRATICO DEL TRENTINO - PSI,87
7,12,C.STORICO/PIEDICASTELLO,IANESELLI FRANCO,SÌ TRENTO,5
8,12,C.STORICO/PIEDICASTELLO,BORTOLOTTI GIULIA,MOVIMENTO 5 STELLE,19
8,12,C.STORICO/PIEDICASTELLO,BORTOLOTTI GIULIA,ONDA,13
8,12,C.STORICO/PIEDICASTELLO,BORTOLOTTI GIULIA,RIFONDAZIONE PARTITO COMUNISTA,9
8,12,C.STORICO/PIEDICASTELLO,DEMARCHI ANDREA,PRIMA TRENTO! PER DEMARCHI SINDACO,18
8,12,C.STORICO/PIEDICASTELLO,GABRIELLI SIMONETTA,DEMOCRAZIA SOVRANA POPOLARE,11
8,12,C.STORICO/PIEDICASTELLO,GEAT CLAUDIO,GENERAZIONE TRENTO GEAT SINDACO,27
8,12,C.STORICO/PIEDICASTELLO,GOIO ILARIA,FORZA ITALIA BERLUSCONI PRESIDENTE,22
8,12,C.STORICO/PIEDICASTELLO,GOIO ILARIA,GIORGIA MELONI FRATELLI D'ITALIA,62
8,12,C.STORICO/PIEDICASTELLO,GOIO ILARIA,LEGA SALVINI PREMIER,26
8,12,C.STORICO/PIEDICASTELLO,IANESELLI FRANCO,ALLEANZA VERDI SINISTRA,33
8,12,C.STORICO/PIEDICASTELLO,IANESELLI FRANCO,CAMPOBASE,22
8,12,C.STORICO/PIEDICASTELLO,IANESELLI FRANCO,INSIEME PER TRENTO,53
8,12,C.STORICO/PIEDICASTELLO,IANESELLI FRANCO,INTESA PER IANESELLI SINDACO,27
8,12,C.STORICO/PIEDICASTELLO,IANESELLI FRANCO,PARTITO DEMOCRATICO DEL TRENTINO - PSI,88
8,12,C.STORICO/PIEDICASTELLO,IANESELLI FRANCO,SÌ TRENTO,10
9,12,C.STORICO/PIEDICASTELLO,BORTOLOTTI GIULIA,MOVIMENTO 5 STELLE,11
9,12,C.STORICO/PIEDICASTELLO,BORTOLOTTI GIULIA,ONDA,21
9,12,C.STORICO/PIEDICASTELLO,BORTOLOTTI GIULIA,RIFONDAZIONE PARTITO COMUNISTA,16
9,12,C.STORICO/PIEDICASTELLO,DEMARCHI ANDREA,PRIMA TRENTO! PER DEMARCHI SINDACO,30
9,12,C.STORICO/PIEDICASTELLO,GABRIELLI SIMONETTA,DEMOCRAZIA SOVRANA POPOLARE,11
9,12,C.STORICO/PIEDICASTELLO,GEAT CLAUDIO,GENERAZIONE TRENTO GEAT SINDACO,40
9,12,C.STORICO/PIEDICASTELLO,GOIO ILARIA,FORZA ITALIA BERLUSCONI PRESIDENTE,16
9,12,C.STORICO/PIEDICASTELLO,GOIO ILARIA,GIORGIA MELONI FRATELLI D'ITALIA,77
9,12,C.STORICO/PIEDICASTELLO,GOIO ILARIA,LEGA SALVINI PREMIER,36
9,12,C.STORICO/PIEDICASTELLO,IANESELLI FRANCO,ALLEANZA VERDI SINISTRA,26
9,12,C.STORICO/PIEDICASTELLO,IANESELLI FRANCO,CAMPOBASE,33
9,12,C.STORICO/PIEDICASTELLO,IANESELLI FRANCO,INSIEME PER TRENTO,47
9,12,C.STORICO/PIEDICASTELLO,IANESELLI FRANCO,INTESA PER IANESELLI SINDACO,31
9,12,C.STORICO/PIEDICASTELLO,IANESELLI FRANCO,PARTITO DEMOCRATICO DEL TRENTINO - PSI,131
9,12,C.STORICO/PIEDICASTELLO,IANESELLI FRANCO,SÌ TRENTO,9
10,12,C.STORICO/PIEDICASTELLO,BORTOLOTTI GIULIA,MOVIMENTO 5 STELLE,7
10,12,C.STORICO/PIEDICASTELLO,BORTOLOTTI GIULIA,ONDA,14
10,12,C.STORICO/PIEDICASTELLO,BORTOLOTTI GIULIA,RIFONDAZIONE PARTITO COMUNISTA,4
10,12,C.STORICO/PIEDICASTELLO,DEMARCHI ANDREA,PRIMA TRENTO! PER DEMARCHI SINDACO,24
10,12,C.STORICO/PIEDICASTELLO,GABRIELLI SIMONETTA,DEMOCRAZIA SOVRANA POPOLARE,3
10,12,C.STORICO/PIEDICASTELLO,GEAT CLAUDIO,GENERAZIONE TRENTO GEAT SINDACO,37
10,12,C.STORICO/PIEDICASTELLO,GOIO ILARIA,FORZA ITALIA BERLUSCONI PRESIDENTE,20
10,12,C.STORICO/PIEDICASTELLO,GOIO ILARIA,GIORGIA MELONI FRATELLI D'ITALIA,63
10,12,C.STORICO/PIEDICASTELLO,GOIO ILARIA,LEGA SALVINI PREMIER,30
10,12,C.STORICO/PIEDICASTELLO,IANESELLI FRANCO,ALLEANZA VERDI SINISTRA,24
10,12,C.STORICO/PIEDICASTELLO,IANESELLI FRANCO,CAMPOBASE,18
10,12,C.STORICO/PIEDICASTELLO,IANESELLI FRANCO,INSIEME PER TRENTO,29
10,12,C.STORICO/PIEDICASTELLO,IANESELLI FRANCO,INTESA PER IANESELLI SINDACO,31
10,12,C.STORICO/PIEDICASTELLO,IANESELLI FRANCO,PARTITO DEMOCRATICO DEL TRENTINO - PSI,86
10,12,C.STORICO/PIEDICASTELLO,IANESELLI FRANCO,SÌ TRENTO,9
11,12,C.STORICO/PIEDICASTELLO,BORTOLOTTI GIULIA,MOVIMENTO 5 STELLE,10
11,12,C.STORICO/PIEDICASTELLO,BORTOLOTTI GIULIA,ONDA,18
11,12,C.STORICO/PIEDICASTELLO,BORTOLOTTI GIULIA,RIFONDAZIONE PARTITO COMUNISTA,12
11,12,C.STORICO/PIEDICASTELLO,DEMARCHI ANDREA,PRIMA TRENTO! PER DEMARCHI SINDACO,27
11,12,C.STORICO/PIEDICASTELLO,GABRIELLI SIMONETTA,DEMOCRAZIA SOVRANA POPOLARE,6
11,12,C.STORICO/PIEDICASTELLO,GEAT CLAUDIO,GENERAZIONE TRENTO GEAT SINDACO,28
11,12,C.STORICO/PIEDICASTELLO,GOIO ILARIA,FORZA ITALIA BERLUSCONI PRESIDENTE,11
11,12,C.STORICO/PIEDICASTELLO,GOIO ILARIA,GIORGIA MELONI FRATELLI D'ITALIA,70
11,12,C.STORICO/PIEDICASTELLO,GOIO ILARIA,LEGA SALVINI PREMIER,34
11,12,C.STORICO/PIEDICASTELLO,IANESELLI FRANCO,ALLEANZA VERDI SINISTRA,21
11,12,C.STORICO/PIEDICASTELLO,IANESELLI FRANCO,CAMPOBASE,26
11,12,C.STORICO/PIEDICASTELLO,IANESELLI FRANCO,INSIEME PER TRENTO,38
11,12,C.STORICO/PIEDICASTELLO,IANESELLI FRANCO,INTESA PER IANESELLI SINDACO,22
11,12,C.STORICO/PIEDICASTELLO,IANESELLI FRANCO,PARTITO DEMOCRATICO DEL TRENTINO - PSI,82
11,12,C.STORICO/PIEDICASTELLO,IANESELLI FRANCO,SÌ TRENTO,11
12,12,C.STORICO/PIEDICASTELLO,BORTOLOTTI GIULIA,MOVIMENTO 5 STELLE,16
12,12,C.STORICO/PIEDICASTELLO,BORTOLOTTI GIULIA,ONDA,20
12,12,C.STORICO/PIEDICASTELLO,BORTOLOTTI GIULIA,RIFONDAZIONE PARTITO COMUNISTA,3
12,12,C.STORICO/PIEDICASTELLO,DEMARCHI ANDREA,PRIMA TRENTO! PER DEMARCHI SINDACO,13
12,12,C.STORICO/PIEDICASTELLO,GABRIELLI SIMONETTA,DEMOCRAZIA SOVRANA POPOLARE,12
12,12,C.STORICO/PIEDICASTELLO,GEAT CLAUDIO,GENERAZIONE TRENTO GEAT SINDACO,29
12,12,C.STORICO/PIEDICASTELLO,GOIO ILARIA,FORZA ITALIA BERLUSCONI PRESIDENTE,23
12,12,C.STORICO/PIEDICASTELLO,GOIO ILARIA,GIORGIA MELONI FRATELLI D'ITALIA,84
12,12,C.STORICO/PIEDICASTELLO,GOIO ILARIA,LEGA SALVINI PREMIER,43
12,12,C.STORICO/PIEDICASTELLO,IANESELLI FRANCO,ALLEANZA VERDI SINISTRA,21
12,12,C.STORICO/PIEDICASTELLO,IANESELLI FRANCO,CAMPOBASE,29
12,12,C.STORICO/PIEDICASTELLO,IANESELLI FRANCO,INSIEME PER TRENTO,52
12,12,C.STORICO/PIEDICASTELLO,IANESELLI FRANCO,INTESA PER IANESELLI SINDACO,15
12,12,C.STORICO/PIEDICASTELLO,IANESELLI FRANCO,PARTITO DEMOCRATICO DEL TRENTINO - PSI,95
12,12,C.STORICO/PIEDICASTELLO,IANESELLI FRANCO,SÌ TRENTO,17
13,12,C.STORICO/PIEDICASTELLO,BORTOLOTTI GIULIA,MOVIMENTO 5 STELLE,7
13,12,C.STORICO/PIEDICASTELLO,BORTOLOTTI GIULIA,ONDA,10
13,12,C.STORICO/PIEDICASTELLO,BORTOLOTTI GIULIA,RIFONDAZIONE PARTITO COMUNISTA,6
13,12,C.STORICO/PIEDICASTELLO,DEMARCHI ANDREA,PRIMA TRENTO! PER DEMARCHI SINDACO,16
13,12,C.STORICO/PIEDICASTELLO,GABRIELLI SIMONETTA,DEMOCRAZIA SOVRANA POPOLARE,12
13,12,C.STORICO/PIEDICASTELLO,GEAT CLAUDIO,GENERAZIONE TRENTO GEAT SINDACO,47
13,12,C.STORICO/PIEDICASTELLO,GOIO ILARIA,FORZA ITALIA BERLUSCONI PRESIDENTE,19
13,12,C.STORICO/PIEDICASTELLO,GOIO ILARIA,GIORGIA MELONI FRATELLI D'ITALIA,73
13,12,C.STORICO/PIEDICASTELLO,GOIO ILARIA,LEGA SALVINI PREMIER,30
13,12,C.STORICO/PIEDICASTELLO,IANESELLI FRANCO,ALLEANZA VERDI SINISTRA,13
13,12,C.STORICO/PIEDICASTELLO,IANESELLI FRANCO,CAMPOBASE,18
13,12,C.STORICO/PIEDICASTELLO,IANESELLI FRANCO,INSIEME PER TRENTO,43
13,12,C.STORICO/PIEDICASTELLO,IANESELLI FRANCO,INTESA PER IANESELLI SINDACO,36
13,12,C.STORICO/PIEDICASTELLO,IANESELLI FRANCO,PARTITO DEMOCRATICO DEL TRENTINO - PSI,152
13,12,C.STORICO/PIEDICASTELLO,IANESELLI FRANCO,SÌ TRENTO,17
14,12,C.STORICO/PIEDICASTELLO,BORTOLOTTI GIULIA,MOVIMENTO 5 STELLE,13
14,12,C.STORICO/PIEDICASTELLO,BORTOLOTTI GIULIA,ONDA,10
14,12,C.STORICO/PIEDICASTELLO,BORTOLOTTI GIULIA,RIFONDAZIONE PARTITO COMUNISTA,6
14,12,C.STORICO/PIEDICASTELLO,DEMARCHI ANDREA,PRIMA TRENTO! PER DEMARCHI SINDACO,9
14,12,C.STORICO/PIEDICASTELLO,GABRIELLI SIMONETTA,DEMOCRAZIA SOVRANA POPOLARE,6
14,12,C.STORICO/PIEDICASTELLO,GEAT CLAUDIO,GENERAZIONE TRENTO GEAT SINDACO,31
14,12,C.STORICO/PIEDICASTELLO,GOIO ILARIA,FORZA ITALIA BERLUSCONI PRESIDENTE,11
14,12,C.STORICO/PIEDICASTELLO,GOIO ILARIA,GIORGIA MELONI FRATELLI D'ITALIA,69
14,12,C.STORICO/PIEDICASTELLO,GOIO ILARIA,LEGA SALVINI PREMIER,31
14,12,C.STORICO/PIEDICASTELLO,IANESELLI FRANCO,ALLEANZA VERDI SINISTRA,13
14,12,C.STORICO/PIEDICASTELLO,IANESELLI FRANCO,CAMPOBASE,19
14,12,C.STORICO/PIEDICASTELLO,IANESELLI FRANCO,INSIEME PER TRENTO,30
14,12,C.STORICO/PIEDICASTELLO,IANESELLI FRANCO,INTESA PER IANESELLI SINDACO,21
14,12,C.STORICO/PIEDICASTELLO,IANESELLI FRANCO,PARTITO DEMOCRATICO DEL TRENTINO - PSI,71
14,12,C.STORICO/PIEDICASTELLO,IANESELLI FRANCO,SÌ TRENTO,21
15,12,C.STORICO/PIEDICASTELLO,BORTOLOTTI GIULIA,MOVIMENTO 5 STELLE,10
15,12,C.STORICO/PIEDICASTELLO,BORTOLOTTI GIULIA,ONDA,14
15,12,C.STORICO/PIEDICASTELLO,BORTOLOTTI GIULIA,RIFONDAZIONE PARTITO COMUNISTA,0
15,12,C.STORICO/PIEDICASTELLO,DEMARCHI ANDREA,PRIMA TRENTO! PER DEMARCHI SINDACO,48
15,12,C.STORICO/PIEDICASTELLO,GABRIELLI SIMONETTA,DEMOCRAZIA SOVRANA POPOLARE,7
15,12,C.STORICO/PIEDICASTELLO,GEAT CLAUDIO,GENERAZIONE TRENTO GEAT SINDACO,11
15,12,C.STORICO/PIEDICASTELLO,GOIO ILARIA,FORZA ITALIA BERLUSCONI PRESIDENTE,15
15,12,C.STORICO/PIEDICASTELLO,GOIO ILARIA,GIORGIA MELONI FRATELLI D'ITALIA,60
15,12,C.STORICO/PIEDICASTELLO,GOIO ILARIA,LEGA SALVINI PREMIER,42
15,12,C.STORICO/PIEDICASTELLO,IANESELLI FRANCO,ALLEANZA VERDI SINISTRA,28
15,12,C.STORICO/PIEDICASTELLO,IANESELLI FRANCO,CAMPOBASE,60
15,12,C.STORICO/PIEDICASTELLO,IANESELLI FRANCO,INSIEME PER TRENTO,39
15,12,C.STORICO/PIEDICASTELLO,IANESELLI FRANCO,INTESA PER IANESELLI SINDACO,12
15,12,C.STORICO/PIEDICASTELLO,IANESELLI FRANCO,PARTITO DEMOCRATICO DEL TRENTINO - PSI,79
15,12,C.STORICO/PIEDICASTELLO,IANESELLI FRANCO,SÌ TRENTO,16
16,12,C.STORICO/PIEDICASTELLO,BORTOLOTTI GIULIA,MOVIMENTO 5 STELLE,7
16,12,C.STORICO/PIEDICASTELLO,BORTOLOTTI GIULIA,ONDA,15
16,12,C.STORICO/PIEDICASTELLO,BORTOLOTTI GIULIA,RIFONDAZIONE PARTITO COMUNISTA,13
16,12,C.STORICO/PIEDICASTELLO,DEMARCHI ANDREA,PRIMA TRENTO! PER DEMARCHI SINDACO,15
16,12,C.STORICO/PIEDICASTELLO,GABRIELLI SIMONETTA,DEMOCRAZIA SOVRANA POPOLARE,8
16,12,C.STORICO/PIEDICASTELLO,GEAT CLAUDIO,GENERAZIONE TRENTO GEAT SINDACO,30
16,12,C.STORICO/PIEDICASTELLO,GOIO ILARIA,FORZA ITALIA BERLUSCONI PRESIDENTE,10
16,12,C.STORICO/PIEDICASTELLO,GOIO ILARIA,GIORGIA MELONI FRATELLI D'ITALIA,44
16,12,C.STORICO/PIEDICASTELLO,GOIO ILARIA,LEGA SALVINI PREMIER,19
16,12,C.STORICO/PIEDICASTELLO,IANESELLI FRANCO,ALLEANZA VERDI SINISTRA,21
16,12,C.STORICO/PIEDICASTELLO,IANESELLI FRANCO,CAMPOBASE,27
16,12,C.STORICO/PIEDICASTELLO,IANESELLI FRANCO,INSIEME PER TRENTO,33
16,12,C.STORICO/PIEDICASTELLO,IANESELLI FRANCO,INTESA PER IANESELLI SINDACO,15
16,12,C.STORICO/PIEDICASTELLO,IANESELLI FRANCO,PARTITO DEMOCRATICO DEL TRENTINO - PSI,106
16,12,C.STORICO/PIEDICASTELLO,IANESELLI FRANCO,SÌ TRENTO,10
17,11,S.GIUSEPPE/S.CHIARA,BORTOLOTTI GIULIA,MOVIMENTO 5 STELLE,11
17,11,S.GIUSEPPE/S.CHIARA,BORTOLOTTI GIULIA,ONDA,12
17,11,S.GIUSEPPE/S.CHIARA,BORTOLOTTI GIULIA,RIFONDAZIONE PARTITO COMUNISTA,9
17,11,S.GIUSEPPE/S.CHIARA,DEMARCHI ANDREA,PRIMA TRENTO! PER DEMARCHI SINDACO,17
17,11,S.GIUSEPPE/S.CHIARA,GABRIELLI SIMONETTA,DEMOCRAZIA SOVRANA POPOLARE,4
17,11,S.GIUSEPPE/S.CHIARA,GEAT CLAUDIO,GENERAZIONE TRENTO GEAT SINDACO,13
17,11,S.GIUSEPPE/S.CHIARA,GOIO ILARIA,FORZA ITALIA BERLUSCONI PRESIDENTE,17
17,11,S.GIUSEPPE/S.CHIARA,GOIO ILARIA,GIORGIA MELONI FRATELLI D'ITALIA,43
17,11,S.GIUSEPPE/S.CHIARA,GOIO ILARIA,LEGA SALVINI PREMIER,13
17,11,S.GIUSEPPE/S.CHIARA,IANESELLI FRANCO,ALLEANZA VERDI SINISTRA,25
17,11,S.GIUSEPPE/S.CHIARA,IANESELLI FRANCO,CAMPOBASE,25
17,11,S.GIUSEPPE/S.CHIARA,IANESELLI FRANCO,INSIEME PER TRENTO,36
17,11,S.GIUSEPPE/S.CHIARA,IANESELLI FRANCO,INTESA PER IANESELLI SINDACO,13
17,11,S.GIUSEPPE/S.CHIARA,IANESELLI FRANCO,PARTITO DEMOCRATICO DEL TRENTINO - PSI,121
17,11,S.GIUSEPPE/S.CHIARA,IANESELLI FRANCO,SÌ TRENTO,20
18,11,S.GIUSEPPE/S.CHIARA,BORTOLOTTI GIULIA,MOVIMENTO 5 STELLE,15
18,11,S.GIUSEPPE/S.CHIARA,BORTOLOTTI GIULIA,ONDA,5
18,11,S.GIUSEPPE/S.CHIARA,BORTOLOTTI GIULIA,RIFONDAZIONE PARTITO COMUNISTA,9
18,11,S.GIUSEPPE/S.CHIARA,DEMARCHI ANDREA,PRIMA TRENTO! PER DEMARCHI SINDACO,12
18,11,S.GIUSEPPE/S.CHIARA,GABRIELLI SIMONETTA,DEMOCRAZIA SOVRANA POPOLARE,6
18,11,S.GIUSEPPE/S.CHIARA,GEAT CLAUDIO,GENERAZIONE TRENTO GEAT SINDACO,25
18,11,S.GIUSEPPE/S.CHIARA,GOIO ILARIA,FORZA ITALIA BERLUSCONI PRESIDENTE,11
18,11,S.GIUSEPPE/S.CHIARA,GOIO ILARIA,GIORGIA MELONI FRATELLI D'ITALIA,65
18,11,S.GIUSEPPE/S.CHIARA,GOIO ILARIA,LEGA SALVINI PREMIER,28
18,11,S.GIUSEPPE/S.CHIARA,IANESELLI FRANCO,ALLEANZA VERDI SINISTRA,38
18,11,S.GIUSEPPE/S.CHIARA,IANESELLI FRANCO,CAMPOBASE,40
18,11,S.GIUSEPPE/S.CHIARA,IANESELLI FRANCO,INSIEME PER TRENTO,49
18,11,S.GIUSEPPE/S.CHIARA,IANESELLI FRANCO,INTESA PER IANESELLI SINDACO,17
18,11,S.GIUSEPPE/S.CHIARA,IANESELLI FRANCO,PARTITO DEMOCRATICO DEL TRENTINO - PSI,137
18,11,S.GIUSEPPE/S.CHIARA,IANESELLI FRANCO,SÌ TRENTO,12
19,11,S.GIUSEPPE/S.CHIARA,BORTOLOTTI GIULIA,MOVIMENTO 5 STELLE,8
19,11,S.GIUSEPPE/S.CHIARA,BORTOLOTTI GIULIA,ONDA,16
19,11,S.GIUSEPPE/S.CHIARA,BORTOLOTTI GIULIA,RIFONDAZIONE PARTITO COMUNISTA,8
19,11,S.GIUSEPPE/S.CHIARA,DEMARCHI ANDREA,PRIMA TRENTO! PER DEMARCHI SINDACO,11
19,11,S.GIUSEPPE/S.CHIARA,GABRIELLI SIMONETTA,DEMOCRAZIA SOVRANA POPOLARE,5
19,11,S.GIUSEPPE/S.CHIARA,GEAT CLAUDIO,GENERAZIONE TRENTO GEAT SINDACO,21
19,11,S.GIUSEPPE/S.CHIARA,GOIO ILARIA,FORZA ITALIA BERLUSCONI PRESIDENTE,10
19,11,S.GIUSEPPE/S.CHIARA,GOIO ILARIA,GIORGIA MELONI FRATELLI D'ITALIA,62
19,11,S.GIUSEPPE/S.CHIARA,GOIO ILARIA,LEGA SALVINI PREMIER,16
19,11,S.GIUSEPPE/S.CHIARA,IANESELLI FRANCO,ALLEANZA VERDI SINISTRA,33
19,11,S.GIUSEPPE/S.CHIARA,IANESELLI FRANCO,CAMPOBASE,30
19,11,S.GIUSEPPE/S.CHIARA,IANESELLI FRANCO,INSIEME PER TRENTO,57
19,11,S.GIUSEPPE/S.CHIARA,IANESELLI FRANCO,INTESA PER IANESELLI SINDACO,19
19,11,S.GIUSEPPE/S.CHIARA,IANESELLI FRANCO,PARTITO DEMOCRATICO DEL TRENTINO - PSI,170
19,11,S.GIUSEPPE/S.CHIARA,IANESELLI FRANCO,SÌ TRENTO,26
20,11,S.GIUSEPPE/S.CHIARA,BORTOLOTTI GIULIA,MOVIMENTO 5 STELLE,10
20,11,S.GIUSEPPE/S.CHIARA,BORTOLOTTI GIULIA,ONDA,9
20,11,S.GIUSEPPE/S.CHIARA,BORTOLOTTI GIULIA,RIFONDAZIONE PARTITO COMUNISTA,10
20,11,S.GIUSEPPE/S.CHIARA,DEMARCHI ANDREA,PRIMA TRENTO! PER DEMARCHI SINDACO,32
20,11,S.GIUSEPPE/S.CHIARA,GABRIELLI SIMONETTA,DEMOCRAZIA SOVRANA POPOLARE,12
20,11,S.GIUSEPPE/S.CHIARA,GEAT CLAUDIO,GENERAZIONE TRENTO GEAT SINDACO,34
20,11,S.GIUSEPPE/S.CHIARA,GOIO ILARIA,FORZA ITALIA BERLUSCONI PRESIDENTE,22
20,11,S.GIUSEPPE/S.CHIARA,GOIO ILARIA,GIORGIA MELONI FRATELLI D'ITALIA,54
20,11,S.GIUSEPPE/S.CHIARA,GOIO ILARIA,LEGA SALVINI PREMIER,16
20,11,S.GIUSEPPE/S.CHIARA,IANESELLI FRANCO,ALLEANZA VERDI SINISTRA,32
20,11,S.GIUSEPPE/S.CHIARA,IANESELLI FRANCO,CAMPOBASE,37
20,11,S.GIUSEPPE/S.CHIARA,IANESELLI FRANCO,INSIEME PER TRENTO,52
20,11,S.GIUSEPPE/S.CHIARA,IANESELLI FRANCO,INTESA PER IANESELLI SINDACO,14
20,11,S.GIUSEPPE/S.CHIARA,IANESELLI FRANCO,PARTITO DEMOCRATICO DEL TRENTINO - PSI,141
20,11,S.GIUSEPPE/S.CHIARA,IANESELLI FRANCO,SÌ TRENTO,17
21,11,S.GIUSEPPE/S.CHIARA,BORTOLOTTI GIULIA,MOVIMENTO 5 STELLE,10
21,11,S.GIUSEPPE/S.CHIARA,BORTOLOTTI GIULIA,ONDA,12
21,11,S.GIUSEPPE/S.CHIARA,BORTOLOTTI GIULIA,RIFONDAZIONE PARTITO COMUNISTA,10
21,11,S.GIUSEPPE/S.CHIARA,DEMARCHI ANDREA,PRIMA TRENTO! PER DEMARCHI SINDACO,25
21,11,S.GIUSEPPE/S.CHIARA,GABRIELLI SIMONETTA,DEMOCRAZIA SOVRANA POPOLARE,5
21,11,S.GIUSEPPE/S.CHIARA,GEAT CLAUDIO,GENERAZIONE TRENTO GEAT SINDACO,33
21,11,S.GIUSEPPE/S.CHIARA,GOIO ILARIA,FORZA ITALIA BERLUSCONI PRESIDENTE,22
21,11,S.GIUSEPPE/S.CHIARA,GOIO ILARIA,GIORGIA MELONI FRATELLI D'ITALIA,71
21,11,S.GIUSEPPE/S.CHIARA,GOIO ILARIA,LEGA SALVINI PREMIER,11
21,11,S.GIUSEPPE/S.CHIARA,IANESELLI FRANCO,ALLEANZA VERDI SINISTRA,44
21,11,S.GIUSEPPE/S.CHIARA,IANESELLI FRANCO,CAMPOBASE,39
21,11,S.GIUSEPPE/S.CHIARA,IANESELLI FRANCO,INSIEME PER TRENTO,47
21,11,S.GIUSEPPE/S.CHIARA,IANESELLI FRANCO,INTESA PER IANESELLI SINDACO,19
21,11,S.GIUSEPPE/S.CHIARA,IANESELLI FRANCO,PARTITO DEMOCRATICO DEL TRENTINO - PSI,137
21,11,S.GIUSEPPE/S.CHIARA,IANESELLI FRANCO,SÌ TRENTO,19
22,11,S.GIUSEPPE/S.CHIARA,BORTOLOTTI GIULIA,MOVIMENTO 5 STELLE,10
22,11,S.GIUSEPPE/S.CHIARA,BORTOLOTTI GIULIA,ONDA,10
22,11,S.GIUSEPPE/S.CHIARA,BORTOLOTTI GIULIA,RIFONDAZIONE PARTITO COMUNISTA,3
22,11,S.GIUSEPPE/S.CHIARA,DEMARCHI ANDREA,PRIMA TRENTO! PER DEMARCHI SINDACO,25
22,11,S.GIUSEPPE/S.CHIARA,GABRIELLI SIMONETTA,DEMOCRAZIA SOVRANA POPOLARE,10
22,11,S.GIUSEPPE/S.CHIARA,GEAT CLAUDIO,GENERAZIONE TRENTO GEAT SINDACO,29
22,11,S.GIUSEPPE/S.CHIARA,GOIO ILARIA,FORZA ITALIA BERLUSCONI PRESIDENTE,23
22,11,S.GIUSEPPE/S.CHIARA,GOIO ILARIA,GIORGIA MELONI FRATELLI D'ITALIA,63
22,11,S.GIUSEPPE/S.CHIARA,GOIO ILARIA,LEGA SALVINI PREMIER,22
22,11,S.GIUSEPPE/S.CHIARA,IANESELLI FRANCO,ALLEANZA VERDI SINISTRA,42
22,11,S.GIUSEPPE/S.CHIARA,IANESELLI FRANCO,CAMPOBASE,51
22,11,S.GIUSEPPE/S.CHIARA,IANESELLI FRANCO,INSIEME PER TRENTO,42
22,11,S.GIUSEPPE/S.CHIARA,IANESELLI FRANCO,INTESA PER IANESELLI SINDACO,31
22,11,S.GIUSEPPE/S.CHIARA,IANESELLI FRANCO,PARTITO DEMOCRATICO DEL TRENTINO - PSI,150
22,11,S.GIUSEPPE/S.CHIARA,IANESELLI FRANCO,SÌ TRENTO,16
23,11,S.GIUSEPPE/S.CHIARA,BORTOLOTTI GIULIA,MOVIMENTO 5 STELLE,11
23,11,S.GIUSEPPE/S.CHIARA,BORTOLOTTI GIULIA,ONDA,9
23,11,S.GIUSEPPE/S.CHIARA,BORTOLOTTI GIULIA,RIFONDAZIONE PARTITO COMUNISTA,6
23,11,S.GIUSEPPE/S.CHIARA,DEMARCHI ANDREA,PRIMA TRENTO! PER DEMARCHI SINDACO,22
23,11,S.GIUSEPPE/S.CHIARA,GABRIELLI SIMONETTA,DEMOCRAZIA SOVRANA POPOLARE,3
23,11,S.GIUSEPPE/S.CHIARA,GEAT CLAUDIO,GENERAZIONE TRENTO GEAT SINDACO,23
23,11,S.GIUSEPPE/S.CHIARA,GOIO ILARIA,FORZA ITALIA BERLUSCONI PRESIDENTE,22
23,11,S.GIUSEPPE/S.CHIARA,GOIO ILARIA,GIORGIA MELONI FRATELLI D'ITALIA,59
23,11,S.GIUSEPPE/S.CHIARA,GOIO ILARIA,LEGA SALVINI PREMIER,17
23,11,S.GIUSEPPE/S.CHIARA,IANESELLI FRANCO,ALLEANZA VERDI SINISTRA,37
23,11,S.GIUSEPPE/S.CHIARA,IANESELLI FRANCO,CAMPOBASE,33
23,11,S.GIUSEPPE/S.CHIARA,IANESELLI FRANCO,INSIEME PER TRENTO,41
23,11,S.GIUSEPPE/S.CHIARA,IANESELLI FRANCO,INTESA PER IANESELLI SINDACO,25
23,11,S.GIUSEPPE/S.CHIARA,IANESELLI FRANCO,PARTITO DEMOCRATICO DEL TRENTINO - PSI,97
23,11,S.GIUSEPPE/S.CHIARA,IANESELLI FRANCO,SÌ TRENTO,16
24,11,S.GIUSEPPE/S.CHIARA,BORTOLOTTI GIULIA,MOVIMENTO 5 STELLE,4
24,11,S.GIUSEPPE/S.CHIARA,BORTOLOTTI GIULIA,ONDA,9
24,11,S.GIUSEPPE/S.CHIARA,BORTOLOTTI GIULIA,RIFONDAZIONE PARTITO COMUNISTA,9
24,11,S.GIUSEPPE/S.CHIARA,DEMARCHI ANDREA,PRIMA TRENTO! PER DEMARCHI SINDACO,16
24,11,S.GIUSEPPE/S.CHIARA,GABRIELLI SIMONETTA,DEMOCRAZIA SOVRANA POPOLARE,10
24,11,S.GIUSEPPE/S.CHIARA,GEAT CLAUDIO,GENERAZIONE TRENTO GEAT SINDACO,12
24,11,S.GIUSEPPE/S.CHIARA,GOIO ILARIA,FORZA ITALIA BERLUSCONI PRESIDENTE,12
24,11,S.GIUSEPPE/S.CHIARA,GOIO ILARIA,GIORGIA MELONI FRATELLI D'ITALIA,43
24,11,S.GIUSEPPE/S.CHIARA,GOIO ILARIA,LEGA SALVINI PREMIER,21
24,11,S.GIUSEPPE/S.CHIARA,IANESELLI FRANCO,ALLEANZA VERDI SINISTRA,46
24,11,S.GIUSEPPE/S.CHIARA,IANESELLI FRANCO,CAMPOBASE,13
24,11,S.GIUSEPPE/S.CHIARA,IANESELLI FRANCO,INSIEME PER TRENTO,44
24,11,S.GIUSEPPE/S.CHIARA,IANESELLI FRANCO,INTESA PER IANESELLI SINDACO,13
24,11,S.GIUSEPPE/S.CHIARA,IANESELLI FRANCO,PARTITO DEMOCRATICO DEL TRENTINO - PSI,97
24,11,S.GIUSEPPE/S.CHIARA,IANESELLI FRANCO,SÌ TRENTO,11
25,11,S.GIUSEPPE/S.CHIARA,BORTOLOTTI GIULIA,MOVIMENTO 5 STELLE,13
25,11,S.GIUSEPPE/S.CHIARA,BORTOLOTTI GIULIA,ONDA,8
25,11,S.GIUSEPPE/S.CHIARA,BORTOLOTTI GIULIA,RIFONDAZIONE PARTITO COMUNISTA,5
25,11,S.GIUSEPPE/S.CHIARA,DEMARCHI ANDREA,PRIMA TRENTO! PER DEMARCHI SINDACO,13
25,11,S.GIUSEPPE/S.CHIARA,GABRIELLI SIMONETTA,DEMOCRAZIA SOVRANA POPOLARE,7
25,11,S.GIUSEPPE/S.CHIARA,GEAT CLAUDIO,GENERAZIONE TRENTO GEAT SINDACO,30
25,11,S.GIUSEPPE/S.CHIARA,GOIO ILARIA,FORZA ITALIA BERLUSCONI PRESIDENTE,9
25,11,S.GIUSEPPE/S.CHIARA,GOIO ILARIA,GIORGIA MELONI FRATELLI D'ITALIA,53
25,11,S.GIUSEPPE/S.CHIARA,GOIO ILARIA,LEGA SALVINI PREMIER,33
25,11,S.GIUSEPPE/S.CHIARA,IANESELLI FRANCO,ALLEANZA VERDI SINISTRA,30
25,11,S.GIUSEPPE/S.CHIARA,IANESELLI FRANCO,CAMPOBASE,22
25,11,S.GIUSEPPE/S.CHIARA,IANESELLI FRANCO,INSIEME PER TRENTO,51
25,11,S.GIUSEPPE/S.CHIARA,IANESELLI FRANCO,INTESA PER IANESELLI SINDACO,18
25,11,S.GIUSEPPE/S.CHIARA,IANESELLI FRANCO,PARTITO DEMOCRATICO DEL TRENTINO - PSI,115
25,11,S.GIUSEPPE/S.CHIARA,IANESELLI FRANCO,SÌ TRENTO,11
26,11,S.GIUSEPPE/S.CHIARA,BORTOLOTTI GIULIA,MOVIMENTO 5 STELLE,6
26,11,S.GIUSEPPE/S.CHIARA,BORTOLOTTI GIULIA,ONDA,14
26,11,S.GIUSEPPE/S.CHIARA,BORTOLOTTI GIULIA,RIFONDAZIONE PARTITO COMUNISTA,13
26,11,S.GIUSEPPE/S.CHIARA,DEMARCHI ANDREA,PRIMA TRENTO! PER DEMARCHI SINDACO,13
26,11,S.GIUSEPPE/S.CHIARA,GABRIELLI SIMONETTA,DEMOCRAZIA SOVRANA POPOLARE,12
26,11,S.GIUSEPPE/S.CHIARA,GEAT CLAUDIO,GENERAZIONE TRENTO GEAT SINDACO,9
26,11,S.GIUSEPPE/S.CHIARA,GOIO ILARIA,FORZA ITALIA BERLUSCONI PRESIDENTE,26
26,11,S.GIUSEPPE/S.CHIARA,GOIO ILARIA,GIORGIA MELONI FRATELLI D'ITALIA,47
26,11,S.GIUSEPPE/S.CHIARA,GOIO ILARIA,LEGA SALVINI PREMIER,23
26,11,S.GIUSEPPE/S.CHIARA,IANESELLI FRANCO,ALLEANZA VERDI SINISTRA,27
26,11,S.GIUSEPPE/S.CHIARA,IANESELLI FRANCO,CAMPOBASE,20
26,11,S.GIUSEPPE/S.CHIARA,IANESELLI FRANCO,INSIEME PER TRENTO,48
26,11,S.GIUSEPPE/S.CHIARA,IANESELLI FRANCO,INTESA PER IANESELLI SINDACO,15
26,11,S.GIUSEPPE/S.CHIARA,IANESELLI FRANCO,PARTITO DEMOCRATICO DEL TRENTINO - PSI,114
26,11,S.GIUSEPPE/S.CHIARA,IANESELLI FRANCO,SÌ TRENTO,15
27,11,S.GIUSEPPE/S.CHIARA,BORTOLOTTI GIULIA,MOVIMENTO 5 STELLE,7
27,11,S.GIUSEPPE/S.CHIARA,BORTOLOTTI GIULIA,ONDA,7
27,11,S.GIUSEPPE/S.CHIARA,BORTOLOTTI GIULIA,RIFONDAZIONE PARTITO COMUNISTA,7
27,11,S.GIUSEPPE/S.CHIARA,DEMARCHI ANDREA,PRIMA TRENTO! PER DEMARCHI SINDACO,2
27,11,S.GIUSEPPE/S.CHIARA,GABRIELLI SIMONETTA,DEMOCRAZIA SOVRANA POPOLARE,3
27,11,S.GIUSEPPE/S.CHIARA,GEAT CLAUDIO,GENERAZIONE TRENTO GEAT SINDACO,9
27,11,S.GIUSEPPE/S.CHIARA,GOIO ILARIA,FORZA ITALIA BERLUSCONI PRESIDENTE,9
27,11,S.GIUSEPPE/S.CHIARA,GOIO ILARIA,GIORGIA MELONI FRATELLI D'ITALIA,53
27,11,S.GIUSEPPE/S.CHIARA,GOIO ILARIA,LEGA SALVINI PREMIER,20
27,11,S.GIUSEPPE/S.CHIARA,IANESELLI FRANCO,ALLEANZA VERDI SINISTRA,27
27,11,S.GIUSEPPE/S.CHIARA,IANESELLI FRANCO,CAMPOBASE,17
27,11,S.GIUSEPPE/S.CHIARA,IANESELLI FRANCO,INSIEME PER TRENTO,54
27,11,S.GIUSEPPE/S.CHIARA,IANESELLI FRANCO,INTESA PER IANESELLI SINDACO,19
27,11,S.GIUSEPPE/S.CHIARA,IANESELLI FRANCO,PARTITO DEMOCRATICO DEL TRENTINO - PSI,101
27,11,S.GIUSEPPE/S.CHIARA,IANESELLI FRANCO,SÌ TRENTO,17
28,11,S.GIUSEPPE/S.CHIARA,BORTOLOTTI GIULIA,MOVIMENTO 5 STELLE,10
28,11,S.GIUSEPPE/S.CHIARA,BORTOLOTTI GIULIA,ONDA,15
28,11,S.GIUSEPPE/S.CHIARA,BORTOLOTTI GIULIA,RIFONDAZIONE PARTITO COMUNISTA,6
28,11,S.GIUSEPPE/S.CHIARA,DEMARCHI ANDREA,PRIMA TRENTO! PER DEMARCHI SINDACO,21
28,11,S.GIUSEPPE/S.CHIARA,GABRIELLI SIMONETTA,DEMOCRAZIA SOVRANA POPOLARE,4
28,11,S.GIUSEPPE/S.CHIARA,GEAT CLAUDIO,GENERAZIONE TRENTO GEAT SINDACO,22
28,11,S.GIUSEPPE/S.CHIARA,GOIO ILARIA,FORZA ITALIA BERLUSCONI PRESIDENTE,11
28,11,S.GIUSEPPE/S.CHIARA,GOIO ILARIA,GIORGIA MELONI FRATELLI D'ITALIA,41
28,11,S.GIUSEPPE/S.CHIARA,GOIO ILARIA,LEGA SALVINI PREMIER,17
28,11,S.GIUSEPPE/S.CHIARA,IANESELLI FRANCO,ALLEANZA VERDI SINISTRA,34
28,11,S.GIUSEPPE/S.CHIARA,IANESELLI FRANCO,CAMPOBASE,32
28,11,S.GIUSEPPE/S.CHIARA,IANESELLI FRANCO,INSIEME PER TRENTO,71
28,11,S.GIUSEPPE/S.CHIARA,IANESELLI FRANCO,INTESA PER IANESELLI SINDACO,7
28,11,S.GIUSEPPE/S.CHIARA,IANESELLI FRANCO,PARTITO DEMOCRATICO DEL TRENTINO - PSI,154
28,11,S.GIUSEPPE/S.CHIARA,IANESELLI FRANCO,SÌ TRENTO,26
29,11,S.GIUSEPPE/S.CHIARA,BORTOLOTTI GIULIA,MOVIMENTO 5 STELLE,6
29,11,S.GIUSEPPE/S.CHIARA,BORTOLOTTI GIULIA,ONDA,16
29,11,S.GIUSEPPE/S.CHIARA,BORTOLOTTI GIULIA,RIFONDAZIONE PARTITO COMUNISTA,15
29,11,S.GIUSEPPE/S.CHIARA,DEMARCHI ANDREA,PRIMA TRENTO! PER DEMARCHI SINDACO,10
29,11,S.GIUSEPPE/S.CHIARA,GABRIELLI SIMONETTA,DEMOCRAZIA SOVRANA POPOLARE,6
29,11,S.GIUSEPPE/S.CHIARA,GEAT CLAUDIO,GENERAZIONE TRENTO GEAT SINDACO,12
29,11,S.GIUSEPPE/S.CHIARA,GOIO ILARIA,FORZA ITALIA BERLUSCONI PRESIDENTE,37
29,11,S.GIUSEPPE/S.CHIARA,GOIO ILARIA,GIORGIA MELONI FRATELLI D'ITALIA,46
29,11,S.GIUSEPPE/S.CHIARA,GOIO ILARIA,LEGA SALVINI PREMIER,16
29,11,S.GIUSEPPE/S.CHIARA,IANESELLI FRANCO,ALLEANZA VERDI SINISTRA,33
29,11,S.GIUSEPPE/S.CHIARA,IANESELLI FRANCO,CAMPOBASE,29
29,11,S.GIUSEPPE/S.CHIARA,IANESELLI FRANCO,INSIEME PER TRENTO,70
29,11,S.GIUSEPPE/S.CHIARA,IANESELLI FRANCO,INTESA PER IANESELLI SINDACO,19
29,11,S.GIUSEPPE/S.CHIARA,IANESELLI FRANCO,PARTITO DEMOCRATICO DEL TRENTINO - PSI,108
29,11,S.GIUSEPPE/S.CHIARA,IANESELLI FRANCO,SÌ TRENTO,19
30,11,S.GIUSEPPE/S.CHIARA,BORTOLOTTI GIULIA,MOVIMENTO 5 STELLE,10
30,11,S.GIUSEPPE/S.CHIARA,BORTOLOTTI GIULIA,ONDA,5
30,11,S.GIUSEPPE/S.CHIARA,BORTOLOTTI GIULIA,RIFONDAZIONE PARTITO COMUNISTA,10
30,11,S.GIUSEPPE/S.CHIARA,DEMARCHI ANDREA,PRIMA TRENTO! PER DEMARCHI SINDACO,15
30,11,S.GIUSEPPE/S.CHIARA,GABRIELLI SIMONETTA,DEMOCRAZIA SOVRANA POPOLARE,7
30,11,S.GIUSEPPE/S.CHIARA,GEAT CLAUDIO,GENERAZIONE TRENTO GEAT SINDACO,8
30,11,S.GIUSEPPE/S.CHIARA,GOIO ILARIA,FORZA ITALIA BERLUSCONI PRESIDENTE,21
30,11,S.GIUSEPPE/S.CHIARA,GOIO ILARIA,GIORGIA MELONI FRATELLI D'ITALIA,62
30,11,S.GIUSEPPE/S.CHIARA,GOIO ILARIA,LEGA SALVINI PREMIER,23
30,11,S.GIUSEPPE/S.CHIARA,IANESELLI FRANCO,ALLEANZA VERDI SINISTRA,35
30,11,S.GIUSEPPE/S.CHIARA,IANESELLI FRANCO,CAMPOBASE,23
30,11,S.GIUSEPPE/S.CHIARA,IANESELLI FRANCO,INSIEME PER TRENTO,73
30,11,S.GIUSEPPE/S.CHIARA,IANESELLI FRANCO,INTESA PER IANESELLI SINDACO,28
30,11,S.GIUSEPPE/S.CHIARA,IANESELLI FRANCO,PARTITO DEMOCRATICO DEL TRENTINO - PSI,127
30,11,S.GIUSEPPE/S.CHIARA,IANESELLI FRANCO,SÌ TRENTO,15
31,11,S.GIUSEPPE/S.CHIARA,BORTOLOTTI GIULIA,MOVIMENTO 5 STELLE,4
31,11,S.GIUSEPPE/S.CHIARA,BORTOLOTTI GIULIA,ONDA,8
31,11,S.GIUSEPPE/S.CHIARA,BORTOLOTTI GIULIA,RIFONDAZIONE PARTITO COMUNISTA,3
31,11,S.GIUSEPPE/S.CHIARA,DEMARCHI ANDREA,PRIMA TRENTO! PER DEMARCHI SINDACO,7
31,11,S.GIUSEPPE/S.CHIARA,GABRIELLI SIMONETTA,DEMOCRAZIA SOVRANA POPOLARE,11
31,11,S.GIUSEPPE/S.CHIARA,GEAT CLAUDIO,GENERAZIONE TRENTO GEAT SINDACO,10
31,11,S.GIUSEPPE/S.CHIARA,GOIO ILARIA,FORZA ITALIA BERLUSCONI PRESIDENTE,28
31,11,S.GIUSEPPE/S.CHIARA,GOIO ILARIA,GIORGIA MELONI FRATELLI D'ITALIA,55
31,11,S.GIUSEPPE/S.CHIARA,GOIO ILARIA,LEGA SALVINI PREMIER,33
31,11,S.GIUSEPPE/S.CHIARA,IANESELLI FRANCO,ALLEANZA VERDI SINISTRA,24
31,11,S.GIUSEPPE/S.CHIARA,IANESELLI FRANCO,CAMPOBASE,34
31,11,S.GIUSEPPE/S.CHIARA,IANESELLI FRANCO,INSIEME PER TRENTO,27
31,11,S.GIUSEPPE/S.CHIARA,IANESELLI FRANCO,INTESA PER IANESELLI SINDACO,12
31,11,S.GIUSEPPE/S.CHIARA,IANESELLI FRANCO,PARTITO DEMOCRATICO DEL TRENTINO - PSI,116
31,11,S.GIUSEPPE/S.CHIARA,IANESELLI FRANCO,SÌ TRENTO,4
32,10,OLTRE FERSINA,BORTOLOTTI GIULIA,MOVIMENTO 5 STELLE,9
32,10,OLTRE FERSINA,BORTOLOTTI GIULIA,ONDA,10
32,10,OLTRE FERSINA,BORTOLOTTI GIULIA,RIFONDAZIONE PARTITO COMUNISTA,18
32,10,OLTRE FERSINA,DEMARCHI ANDREA,PRIMA TRENTO! PER DEMARCHI SINDACO,9
32,10,OLTRE FERSINA,GABRIELLI SIMONETTA,DEMOCRAZIA SOVRANA POPOLARE,8
32,10,OLTRE FERSINA,GEAT CLAUDIO,GENERAZIONE TRENTO GEAT SINDACO,15
32,10,OLTRE FERSINA,GOIO ILARIA,FORZA ITALIA BERLUSCONI PRESIDENTE,18
32,10,OLTRE FERSINA,GOIO ILARIA,GIORGIA MELONI FRATELLI D'ITALIA,33
32,10,OLTRE FERSINA,GOIO ILARIA,LEGA SALVINI PREMIER,15
32,10,OLTRE FERSINA,IANESELLI FRANCO,ALLEANZA VERDI SINISTRA,29
32,10,OLTRE FERSINA,IANESELLI FRANCO,CAMPOBASE,39
32,10,OLTRE FERSINA,IANESELLI FRANCO,INSIEME PER TRENTO,39
32,10,OLTRE FERSINA,IANESELLI FRANCO,INTESA PER IANESELLI SINDACO,27
32,10,OLTRE FERSINA,IANESELLI FRANCO,PARTITO DEMOCRATICO DEL TRENTINO - PSI,201
32,10,OLTRE FERSINA,IANESELLI FRANCO,SÌ TRENTO,16
33,10,OLTRE FERSINA,BORTOLOTTI GIULIA,MOVIMENTO 5 STELLE,3
33,10,OLTRE FERSINA,BORTOLOTTI GIULIA,ONDA,11
33,10,OLTRE FERSINA,BORTOLOTTI GIULIA,RIFONDAZIONE PARTITO COMUNISTA,6
33,10,OLTRE FERSINA,DEMARCHI ANDREA,PRIMA TRENTO! PER DEMARCHI SINDACO,14
33,10,OLTRE FERSINA,GABRIELLI SIMONETTA,DEMOCRAZIA SOVRANA POPOLARE,5
33,10,OLTRE FERSINA,GEAT CLAUDIO,GENERAZIONE TRENTO GEAT SINDACO,28
33,10,OLTRE FERSINA,GOIO ILARIA,FORZA ITALIA BERLUSCONI PRESIDENTE,16
33,10,OLTRE FERSINA,GOIO ILARIA,GIORGIA MELONI FRATELLI D'ITALIA,53
33,10,OLTRE FERSINA,GOIO ILARIA,LEGA SALVINI PREMIER,15
33,10,OLTRE FERSINA,IANESELLI FRANCO,ALLEANZA VERDI SINISTRA,32
33,10,OLTRE FERSINA,IANESELLI FRANCO,CAMPOBASE,26
33,10,OLTRE FERSINA,IANESELLI FRANCO,INSIEME PER TRENTO,39
33,10,OLTRE FERSINA,IANESELLI FRANCO,INTESA PER IANESELLI SINDACO,14
33,10,OLTRE FERSINA,IANESELLI FRANCO,PARTITO DEMOCRATICO DEL TRENTINO - PSI,153
33,10,OLTRE FERSINA,IANESELLI FRANCO,SÌ TRENTO,28
34,10,OLTRE FERSINA,BORTOLOTTI GIULIA,MOVIMENTO 5 STELLE,4
34,10,OLTRE FERSINA,BORTOLOTTI GIULIA,ONDA,12
34,10,OLTRE FERSINA,BORTOLOTTI GIULIA,RIFONDAZIONE PARTITO COMUNISTA,5
34,10,OLTRE FERSINA,DEMARCHI ANDREA,PRIMA TRENTO! PER DEMARCHI SINDACO,18
34,10,OLTRE FERSINA,GABRIELLI SIMONETTA,DEMOCRAZIA SOVRANA POPOLARE,13
34,10,OLTRE FERSINA,GEAT CLAUDIO,GENERAZIONE TRENTO GEAT SINDACO,31
34,10,OLTRE FERSINA,GOIO ILARIA,FORZA ITALIA BERLUSCONI PRESIDENTE,17
34,10,OLTRE FERSINA,GOIO ILARIA,GIORGIA MELONI FRATELLI D'ITALIA,43
34,10,OLTRE FERSINA,GOIO ILARIA,LEGA SALVINI PREMIER,18
34,10,OLTRE FERSINA,IANESELLI FRANCO,ALLEANZA VERDI SINISTRA,28
34,10,OLTRE FERSINA,IANESELLI FRANCO,CAMPOBASE,41
34,10,OLTRE FERSINA,IANESELLI FRANCO,INSIEME PER TRENTO,48
34,10,OLTRE FERSINA,IANESELLI FRANCO,INTESA PER IANESELLI SINDACO,33
34,10,OLTRE FERSINA,IANESELLI FRANCO,PARTITO DEMOCRATICO DEL TRENTINO - PSI,170
34,10,OLTRE FERSINA,IANESELLI FRANCO,SÌ TRENTO,12
35,10,OLTRE FERSINA,BORTOLOTTI GIULIA,MOVIMENTO 5 STELLE,7
35,10,OLTRE FERSINA,BORTOLOTTI GIULIA,ONDA,7
35,10,OLTRE FERSINA,BORTOLOTTI GIULIA,RIFONDAZIONE PARTITO COMUNISTA,11
35,10,OLTRE FERSINA,DEMARCHI ANDREA,PRIMA TRENTO! PER DEMARCHI SINDACO,20
35,10,OLTRE FERSINA,GABRIELLI SIMONETTA,DEMOCRAZIA SOVRANA POPOLARE,3
35,10,OLTRE FERSINA,GEAT CLAUDIO,GENERAZIONE TRENTO GEAT SINDACO,18
35,10,OLTRE FERSINA,GOIO ILARIA,FORZA ITALIA BERLUSCONI PRESIDENTE,27
35,10,OLTRE FERSINA,GOIO ILARIA,GIORGIA MELONI FRATELLI D'ITALIA,54
35,10,OLTRE FERSINA,GOIO ILARIA,LEGA SALVINI PREMIER,25
35,10,OLTRE FERSINA,IANESELLI FRANCO,ALLEANZA VERDI SINISTRA,27
35,10,OLTRE FERSINA,IANESELLI FRANCO,CAMPOBASE,22
35,10,OLTRE FERSINA,IANESELLI FRANCO,INSIEME PER TRENTO,44
35,10,OLTRE FERSINA,IANESELLI FRANCO,INTESA PER IANESELLI SINDACO,36
35,10,OLTRE FERSINA,IANESELLI FRANCO,PARTITO DEMOCRATICO DEL TRENTINO - PSI,161
35,10,OLTRE FERSINA,IANESELLI FRANCO,SÌ TRENTO,17
36,10,OLTRE FERSINA,BORTOLOTTI GIULIA,MOVIMENTO 5 STELLE,7
36,10,OLTRE FERSINA,BORTOLOTTI GIULIA,ONDA,13
36,10,OLTRE FERSINA,BORTOLOTTI GIULIA,RIFONDAZIONE PARTITO COMUNISTA,9
36,10,OLTRE FERSINA,DEMARCHI ANDREA,PRIMA TRENTO! PER DEMARCHI SINDACO,16
36,10,OLTRE FERSINA,GABRIELLI SIMONETTA,DEMOCRAZIA SOVRANA POPOLARE,4
36,10,OLTRE FERSINA,GEAT CLAUDIO,GENERAZIONE TRENTO GEAT SINDACO,30
36,10,OLTRE FERSINA,GOIO ILARIA,FORZA ITALIA BERLUSCONI PRESIDENTE,26
36,10,OLTRE FERSINA,GOIO ILARIA,GIORGIA MELONI FRATELLI D'ITALIA,53
36,10,OLTRE FERSINA,GOIO ILARIA,LEGA SALVINI PREMIER,15
36,10,OLTRE FERSINA,IANESELLI FRANCO,ALLEANZA VERDI SINISTRA,32
36,10,OLTRE FERSINA,IANESELLI FRANCO,CAMPOBASE,30
36,10,OLTRE FERSINA,IANESELLI FRANCO,INSIEME PER TRENTO,48
36,10,OLTRE FERSINA,IANESELLI FRANCO,INTESA PER IANESELLI SINDACO,29
36,10,OLTRE FERSINA,IANESELLI FRANCO,PARTITO DEMOCRATICO DEL TRENTINO - PSI,132
36,10,OLTRE FERSINA,IANESELLI FRANCO,SÌ TRENTO,22
37,10,OLTRE FERSINA,BORTOLOTTI GIULIA,MOVIMENTO 5 STELLE,13
37,10,OLTRE FERSINA,BORTOLOTTI GIULIA,ONDA,7
37,10,OLTRE FERSINA,BORTOLOTTI GIULIA,RIFONDAZIONE PARTITO COMUNISTA,2
37,10,OLTRE FERSINA,DEMARCHI ANDREA,PRIMA TRENTO! PER DEMARCHI SINDACO,23
37,10,OLTRE FERSINA,GABRIELLI SIMONETTA,DEMOCRAZIA SOVRANA POPOLARE,6
37,10,OLTRE FERSINA,GEAT CLAUDIO,GENERAZIONE TRENTO GEAT SINDACO,11
37,10,OLTRE FERSINA,GOIO ILARIA,FORZA ITALIA BERLUSCONI PRESIDENTE,20
37,10,OLTRE FERSINA,GOIO ILARIA,GIORGIA MELONI FRATELLI D'ITALIA,71
37,10,OLTRE FERSINA,GOIO ILARIA,LEGA SALVINI PREMIER,30
37,10,OLTRE FERSINA,IANESELLI FRANCO,ALLEANZA VERDI SINISTRA,19
37,10,OLTRE FERSINA,IANESELLI FRANCO,CAMPOBASE,19
37,10,OLTRE FERSINA,IANESELLI FRANCO,INSIEME PER TRENTO,46
37,10,OLTRE FERSINA,IANESELLI FRANCO,INTESA PER IANESELLI SINDACO,18
37,10,OLTRE FERSINA,IANESELLI FRANCO,PARTITO DEMOCRATICO DEL TRENTINO - PSI,110
37,10,OLTRE FERSINA,IANESELLI FRANCO,SÌ TRENTO,15
38,10,OLTRE FERSINA,BORTOLOTTI GIULIA,MOVIMENTO 5 STELLE,10
38,10,OLTRE FERSINA,BORTOLOTTI GIULIA,ONDA,11
38,10,OLTRE FERSINA,BORTOLOTTI GIULIA,RIFONDAZIONE PARTITO COMUNISTA,5
38,10,OLTRE FERSINA,DEMARCHI ANDREA,PRIMA TRENTO! PER DEMARCHI SINDACO,19
38,10,OLTRE FERSINA,GABRIELLI SIMONETTA,DEMOCRAZIA SOVRANA POPOLARE,4
38,10,OLTRE FERSINA,GEAT CLAUDIO,GENERAZIONE TRENTO GEAT SINDACO,12
38,10,OLTRE FERSINA,GOIO ILARIA,FORZA ITALIA BERLUSCONI PRESIDENTE,14
38,10,OLTRE FERSINA,GOIO ILARIA,GIORGIA MELONI FRATELLI D'ITALIA,76
38,10,OLTRE FERSINA,GOIO ILARIA,LEGA SALVINI PREMIER,36
38,10,OLTRE FERSINA,IANESELLI FRANCO,ALLEANZA VERDI SINISTRA,14
38,10,OLTRE FERSINA,IANESELLI FRANCO,CAMPOBASE,25
38,10,OLTRE FERSINA,IANESELLI FRANCO,INSIEME PER TRENTO,20
38,10,OLTRE FERSINA,IANESELLI FRANCO,INTESA PER IANESELLI SINDACO,22
38,10,OLTRE FERSINA,IANESELLI FRANCO,PARTITO DEMOCRATICO DEL TRENTINO - PSI,72
38,10,OLTRE FERSINA,IANESELLI FRANCO,SÌ TRENTO,10
39,10,OLTRE FERSINA,BORTOLOTTI GIULIA,MOVIMENTO 5 STELLE,19
39,10,OLTRE FERSINA,BORTOLOTTI GIULIA,ONDA,14
39,10,OLTRE FERSINA,BORTOLOTTI GIULIA,RIFONDAZIONE PARTITO COMUNISTA,7
39,10,OLTRE FERSINA,DEMARCHI ANDREA,PRIMA TRENTO! PER DEMARCHI SINDACO,17
39,10,OLTRE FERSINA,GABRIELLI SIMONETTA,DEMOCRAZIA SOVRANA POPOLARE,5
39,10,OLTRE FERSINA,GEAT CLAUDIO,GENERAZIONE TRENTO GEAT SINDACO,15
39,10,OLTRE FERSINA,GOIO ILARIA,FORZA ITALIA BERLUSCONI PRESIDENTE,21
39,10,OLTRE FERSINA,GOIO ILARIA,GIORGIA MELONI FRATELLI D'ITALIA,60
39,10,OLTRE FERSINA,GOIO ILARIA,LEGA SALVINI PREMIER,30
39,10,OLTRE FERSINA,IANESELLI FRANCO,ALLEANZA VERDI SINISTRA,32
39,10,OLTRE FERSINA,IANESELLI FRANCO,CAMPOBASE,24
39,10,OLTRE FERSINA,IANESELLI FRANCO,INSIEME PER TRENTO,38
39,10,OLTRE FERSINA,IANESELLI FRANCO,INTESA PER IANESELLI SINDACO,27
39,10,OLTRE FERSINA,IANESELLI FRANCO,PARTITO DEMOCRATICO DEL TRENTINO - PSI,138
39,10,OLTRE FERSINA,IANESELLI FRANCO,SÌ TRENTO,26
40,10,OLTRE FERSINA,BORTOLOTTI GIULIA,MOVIMENTO 5 STELLE,11
40,10,OLTRE FERSINA,BORTOLOTTI GIULIA,ONDA,16
40,10,OLTRE FERSINA,BORTOLOTTI GIULIA,RIFONDAZIONE PARTITO COMUNISTA,13
40,10,OLTRE FERSINA,DEMARCHI ANDREA,PRIMA TRENTO! PER DEMARCHI SINDACO,32
40,10,OLTRE FERSINA,GABRIELLI SIMONETTA,DEMOCRAZIA SOVRANA POPOLARE,16
40,10,OLTRE FERSINA,GEAT CLAUDIO,GENERAZIONE TRENTO GEAT SINDACO,7
40,10,OLTRE FERSINA,GOIO ILARIA,FORZA ITALIA BERLUSCONI PRESIDENTE,19
40,10,OLTRE FERSINA,GOIO ILARIA,GIORGIA MELONI FRATELLI D'ITALIA,90
40,10,OLTRE FERSINA,GOIO ILARIA,LEGA SALVINI PREMIER,39
40,10,OLTRE FERSINA,IANESELLI FRANCO,ALLEANZA VERDI SINISTRA,30
40,10,OLTRE FERSINA,IANESELLI FRANCO,CAMPOBASE,27
40,10,OLTRE FERSINA,IANESELLI FRANCO,INSIEME PER TRENTO,49
40,10,OLTRE FERSINA,IANESELLI FRANCO,INTESA PER IANESELLI SINDACO,36
40,10,OLTRE FERSINA,IANESELLI FRANCO,PARTITO DEMOCRATICO DEL TRENTINO - PSI,117
40,10,OLTRE FERSINA,IANESELLI FRANCO,SÌ TRENTO,28
41,10,OLTRE FERSINA,BORTOLOTTI GIULIA,MOVIMENTO 5 STELLE,15
41,10,OLTRE FERSINA,BORTOLOTTI GIULIA,ONDA,9
41,10,OLTRE FERSINA,BORTOLOTTI GIULIA,RIFONDAZIONE PARTITO COMUNISTA,11
41,10,OLTRE FERSINA,DEMARCHI ANDREA,PRIMA TRENTO! PER DEMARCHI SINDACO,13
41,10,OLTRE FERSINA,GABRIELLI SIMONETTA,DEMOCRAZIA SOVRANA POPOLARE,10
41,10,OLTRE FERSINA,GEAT CLAUDIO,GENERAZIONE TRENTO GEAT SINDACO,24
41,10,OLTRE FERSINA,GOIO ILARIA,FORZA ITALIA BERLUSCONI PRESIDENTE,27
41,10,OLTRE FERSINA,GOIO ILARIA,GIORGIA MELONI FRATELLI D'ITALIA,50
41,10,OLTRE FERSINA,GOIO ILARIA,LEGA SALVINI PREMIER,31
41,10,OLTRE FERSINA,IANESELLI FRANCO,ALLEANZA VERDI SINISTRA,29
41,10,OLTRE FERSINA,IANESELLI FRANCO,CAMPOBASE,27
41,10,OLTRE FERSINA,IANESELLI FRANCO,INSIEME PER TRENTO,34
41,10,OLTRE FERSINA,IANESELLI FRANCO,INTESA PER IANESELLI SINDACO,34
41,10,OLTRE FERSINA,IANESELLI FRANCO,PARTITO DEMOCRATICO DEL TRENTINO - PSI,128
41,10,OLTRE FERSINA,IANESELLI FRANCO,SÌ TRENTO,9
42,10,OLTRE FERSINA,BORTOLOTTI GIULIA,MOVIMENTO 5 STELLE,18
42,10,OLTRE FERSINA,BORTOLOTTI GIULIA,ONDA,19
42,10,OLTRE FERSINA,BORTOLOTTI GIULIA,RIFONDAZIONE PARTITO COMUNISTA,9
42,10,OLTRE FERSINA,DEMARCHI ANDREA,PRIMA TRENTO! PER DEMARCHI SINDACO,11
42,10,OLTRE FERSINA,GABRIELLI SIMONETTA,DEMOCRAZIA SOVRANA POPOLARE,8
42,10,OLTRE FERSINA,GEAT CLAUDIO,GENERAZIONE TRENTO GEAT SINDACO,30
42,10,OLTRE FERSINA,GOIO ILARIA,FORZA ITALIA BERLUSCONI PRESIDENTE,33
42,10,OLTRE FERSINA,GOIO ILARIA,GIORGIA MELONI FRATELLI D'ITALIA,80
42,10,OLTRE FERSINA,GOIO ILARIA,LEGA SALVINI PREMIER,30
42,10,OLTRE FERSINA,IANESELLI FRANCO,ALLEANZA VERDI SINISTRA,31
42,10,OLTRE FERSINA,IANESELLI FRANCO,CAMPOBASE,28
42,10,OLTRE FERSINA,IANESELLI FRANCO,INSIEME PER TRENTO,59
42,10,OLTRE FERSINA,IANESELLI FRANCO,INTESA PER IANESELLI SINDACO,19
42,10,OLTRE FERSINA,IANESELLI FRANCO,PARTITO DEMOCRATICO DEL TRENTINO - PSI,136
42,10,OLTRE FERSINA,IANESELLI FRANCO,SÌ TRENTO,12
43,10,OLTRE FERSINA,BORTOLOTTI GIULIA,MOVIMENTO 5 STELLE,5
43,10,OLTRE FERSINA,BORTOLOTTI GIULIA,ONDA,11
43,10,OLTRE FERSINA,BORTOLOTTI GIULIA,RIFONDAZIONE PARTITO COMUNISTA,12
43,10,OLTRE FERSINA,DEMARCHI ANDREA,PRIMA TRENTO! PER DEMARCHI SINDACO,10
43,10,OLTRE FERSINA,GABRIELLI SIMONETTA,DEMOCRAZIA SOVRANA POPOLARE,6
43,10,OLTRE FERSINA,GEAT CLAUDIO,GENERAZIONE TRENTO GEAT SINDACO,12
43,10,OLTRE FERSINA,GOIO ILARIA,FORZA ITALIA BERLUSCONI PRESIDENTE,16
43,10,OLTRE FERSINA,GOIO ILARIA,GIORGIA MELONI FRATELLI D'ITALIA,46
43,10,OLTRE FERSINA,GOIO ILARIA,LEGA SALVINI PREMIER,29
43,10,OLTRE FERSINA,IANESELLI FRANCO,ALLEANZA VERDI SINISTRA,23
43,10,OLTRE FERSINA,IANESELLI FRANCO,CAMPOBASE,23
43,10,OLTRE FERSINA,IANESELLI FRANCO,INSIEME PER TRENTO,39
43,10,OLTRE FERSINA,IANESELLI FRANCO,INTESA PER IANESELLI SINDACO,21
43,10,OLTRE FERSINA,IANESELLI FRANCO,PARTITO DEMOCRATICO DEL TRENTINO - PSI,117
43,10,OLTRE FERSINA,IANESELLI FRANCO,SÌ TRENTO,11
44,10,OLTRE FERSINA,BORTOLOTTI GIULIA,MOVIMENTO 5 STELLE,12
44,10,OLTRE FERSINA,BORTOLOTTI GIULIA,ONDA,30
44,10,OLTRE FERSINA,BORTOLOTTI GIULIA,RIFONDAZIONE PARTITO COMUNISTA,6
44,10,OLTRE FERSINA,DEMARCHI ANDREA,PRIMA TRENTO! PER DEMARCHI SINDACO,26
44,10,OLTRE FERSINA,GABRIELLI SIMONETTA,DEMOCRAZIA SOVRANA POPOLARE,7
44,10,OLTRE FERSINA,GEAT CLAUDIO,GENERAZIONE TRENTO GEAT SINDACO,10
44,10,OLTRE FERSINA,GOIO ILARIA,FORZA ITALIA BERLUSCONI PRESIDENTE,24
44,10,OLTRE FERSINA,GOIO ILARIA,GIORGIA MELONI FRATELLI D'ITALIA,92
44,10,OLTRE FERSINA,GOIO ILARIA,LEGA SALVINI PREMIER,45
44,10,OLTRE FERSINA,IANESELLI FRANCO,ALLEANZA VERDI SINISTRA,23
44,10,OLTRE FERSINA,IANESELLI FRANCO,CAMPOBASE,41
44,10,OLTRE FERSINA,IANESELLI FRANCO,INSIEME PER TRENTO,70
44,10,OLTRE FERSINA,IANESELLI FRANCO,INTESA PER IANESELLI SINDACO,32
44,10,OLTRE FERSINA,IANESELLI FRANCO,PARTITO DEMOCRATICO DEL TRENTINO - PSI,132
44,10,OLTRE FERSINA,IANESELLI FRANCO,SÌ TRENTO,15
45,10,OLTRE FERSINA,BORTOLOTTI GIULIA,MOVIMENTO 5 STELLE,21
45,10,OLTRE FERSINA,BORTOLOTTI GIULIA,ONDA,13
45,10,OLTRE FERSINA,BORTOLOTTI GIULIA,RIFONDAZIONE PARTITO COMUNISTA,14
45,10,OLTRE FERSINA,DEMARCHI ANDREA,PRIMA TRENTO! PER DEMARCHI SINDACO,29
45,10,OLTRE FERSINA,GABRIELLI SIMONETTA,DEMOCRAZIA SOVRANA POPOLARE,3
45,10,OLTRE FERSINA,GEAT CLAUDIO,GENERAZIONE TRENTO GEAT SINDACO,15
45,10,OLTRE FERSINA,GOIO ILARIA,FORZA ITALIA BERLUSCONI PRESIDENTE,13
45,10,OLTRE FERSINA,GOIO ILARIA,GIORGIA MELONI FRATELLI D'ITALIA,71
45,10,OLTRE FERSINA,GOIO ILARIA,LEGA SALVINI PREMIER,26
45,10,OLTRE FERSINA,IANESELLI FRANCO,ALLEANZA VERDI SINISTRA,13
45,10,OLTRE FERSINA,IANESELLI FRANCO,CAMPOBASE,31
45,10,OLTRE FERSINA,IANESELLI FRANCO,INSIEME PER TRENTO,35
45,10,OLTRE FERSINA,IANESELLI FRANCO,INTESA PER IANESELLI SINDACO,13
45,10,OLTRE FERSINA,IANESELLI FRANCO,PARTITO DEMOCRATICO DEL TRENTINO - PSI,76
45,10,OLTRE FERSINA,IANESELLI FRANCO,SÌ TRENTO,12
46,10,OLTRE FERSINA,BORTOLOTTI GIULIA,MOVIMENTO 5 STELLE,14
46,10,OLTRE FERSINA,BORTOLOTTI GIULIA,ONDA,10
46,10,OLTRE FERSINA,BORTOLOTTI GIULIA,RIFONDAZIONE PARTITO COMUNISTA,3
46,10,OLTRE FERSINA,DEMARCHI ANDREA,PRIMA TRENTO! PER DEMARCHI SINDACO,16
46,10,OLTRE FERSINA,GABRIELLI SIMONETTA,DEMOCRAZIA SOVRANA POPOLARE,7
46,10,OLTRE FERSINA,GEAT CLAUDIO,GENERAZIONE TRENTO GEAT SINDACO,7
46,10,OLTRE FERSINA,GOIO ILARIA,FORZA ITALIA BERLUSCONI PRESIDENTE,22
46,10,OLTRE FERSINA,GOIO ILARIA,GIORGIA MELONI FRATELLI D'ITALIA,51
46,10,OLTRE FERSINA,GOIO ILARIA,LEGA SALVINI PREMIER,14
46,10,OLTRE FERSINA,IANESELLI FRANCO,ALLEANZA VERDI SINISTRA,21
46,10,OLTRE FERSINA,IANESELLI FRANCO,CAMPOBASE,22
46,10,OLTRE FERSINA,IANESELLI FRANCO,INSIEME PER TRENTO,45
46,10,OLTRE FERSINA,IANESELLI FRANCO,INTESA PER IANESELLI SINDACO,25
46,10,OLTRE FERSINA,IANESELLI FRANCO,PARTITO DEMOCRATICO DEL TRENTINO - PSI,86
46,10,OLTRE FERSINA,IANESELLI FRANCO,SÌ TRENTO,17
47,10,OLTRE FERSINA,BORTOLOTTI GIULIA,MOVIMENTO 5 STELLE,17
47,10,OLTRE FERSINA,BORTOLOTTI GIULIA,ONDA,10
47,10,OLTRE FERSINA,BORTOLOTTI GIULIA,RIFONDAZIONE PARTITO COMUNISTA,14
47,10,OLTRE FERSINA,DEMARCHI ANDREA,PRIMA TRENTO! PER DEMARCHI SINDACO,37
47,10,OLTRE FERSINA,GABRIELLI SIMONETTA,DEMOCRAZIA SOVRANA POPOLARE,9
47,10,OLTRE FERSINA,GEAT CLAUDIO,GENERAZIONE TRENTO GEAT SINDACO,21
47,10,OLTRE FERSINA,GOIO ILARIA,FORZA ITALIA BERLUSCONI PRESIDENTE,26
47,10,OLTRE FERSINA,GOIO ILARIA,GIORGIA MELONI FRATELLI D'ITALIA,78
47,10,OLTRE FERSINA,GOIO ILARIA,LEGA SALVINI PREMIER,36
47,10,OLTRE FERSINA,IANESELLI FRANCO,ALLEANZA VERDI SINISTRA,28
47,10,OLTRE FERSINA,IANESELLI FRANCO,CAMPOBASE,28
47,10,OLTRE FERSINA,IANESELLI FRANCO,INSIEME PER TRENTO,42
47,10,OLTRE FERSINA,IANESELLI FRANCO,INTESA PER IANESELLI SINDACO,32
47,10,OLTRE FERSINA,IANESELLI FRANCO,PARTITO DEMOCRATICO DEL TRENTINO - PSI,142
47,10,OLTRE FERSINA,IANESELLI FRANCO,SÌ TRENTO,9
48,10,OLTRE FERSINA,BORTOLOTTI GIULIA,MOVIMENTO 5 STELLE,0
48,10,OLTRE FERSINA,BORTOLOTTI GIULIA,ONDA,0
48,10,OLTRE FERSINA,BORTOLOTTI GIULIA,RIFONDAZIONE PARTITO COMUNISTA,1
48,10,OLTRE FERSINA,DEMARCHI ANDREA,PRIMA TRENTO! PER DEMARCHI SINDACO,2
48,10,OLTRE FERSINA,GABRIELLI SIMONETTA,DEMOCRAZIA SOVRANA POPOLARE,1
48,10,OLTRE FERSINA,GEAT CLAUDIO,GENERAZIONE TRENTO GEAT SINDACO,4
48,10,OLTRE FERSINA,GOIO ILARIA,FORZA ITALIA BERLUSCONI PRESIDENTE,2
48,10,OLTRE FERSINA,GOIO ILARIA,GIORGIA MELONI FRATELLI D'ITALIA,1
48,10,OLTRE FERSINA,GOIO ILARIA,LEGA SALVINI PREMIER,1
48,10,OLTRE FERSINA,IANESELLI FRANCO,ALLEANZA VERDI SINISTRA,0
48,10,OLTRE FERSINA,IANESELLI FRANCO,CAMPOBASE,0
48,10,OLTRE FERSINA,IANESELLI FRANCO,INSIEME PER TRENTO,4
48,10,OLTRE FERSINA,IANESELLI FRANCO,INTESA PER IANESELLI SINDACO,0
48,10,OLTRE FERSINA,IANESELLI FRANCO,PARTITO DEMOCRATICO DEL TRENTINO - PSI,5
48,10,OLTRE FERSINA,IANESELLI FRANCO,SÌ TRENTO,2
49,10,OLTRE FERSINA,BORTOLOTTI GIULIA,MOVIMENTO 5 STELLE,0
49,10,OLTRE FERSINA,BORTOLOTTI GIULIA,ONDA,0
49,10,OLTRE FERSINA,BORTOLOTTI GIULIA,RIFONDAZIONE PARTITO COMUNISTA,1
49,10,OLTRE FERSINA,DEMARCHI ANDREA,PRIMA TRENTO! PER DEMARCHI SINDACO,0
49,10,OLTRE FERSINA,GABRIELLI SIMONETTA,DEMOCRAZIA SOVRANA POPOLARE,0
49,10,OLTRE FERSINA,GEAT CLAUDIO,GENERAZIONE TRENTO GEAT SINDACO,0
49,10,OLTRE FERSINA,GOIO ILARIA,FORZA ITALIA BERLUSCONI PRESIDENTE,0
49,10,OLTRE FERSINA,GOIO ILARIA,GIORGIA MELONI FRATELLI D'ITALIA,0
49,10,OLTRE FERSINA,GOIO ILARIA,LEGA SALVINI PREMIER,1
49,10,OLTRE FERSINA,IANESELLI FRANCO,ALLEANZA VERDI SINISTRA,1
49,10,OLTRE FERSINA,IANESELLI FRANCO,CAMPOBASE,0
49,10,OLTRE FERSINA,IANESELLI FRANCO,INSIEME PER TRENTO,2
49,10,OLTRE FERSINA,IANESELLI FRANCO,INTESA PER IANESELLI SINDACO,0
49,10,OLTRE FERSINA,IANESELLI FRANCO,PARTITO DEMOCRATICO DEL TRENTINO - PSI,2
49,10,OLTRE FERSINA,IANESELLI FRANCO,SÌ TRENTO,0
50,9,VILLAZZANO,BORTOLOTTI GIULIA,MOVIMENTO 5 STELLE,7
50,9,VILLAZZANO,BORTOLOTTI GIULIA,ONDA,26
50,9,VILLAZZANO,BORTOLOTTI GIULIA,RIFONDAZIONE PARTITO COMUNISTA,6
50,9,VILLAZZANO,DEMARCHI ANDREA,PRIMA TRENTO! PER DEMARCHI SINDACO,32
50,9,VILLAZZANO,GABRIELLI SIMONETTA,DEMOCRAZIA SOVRANA POPOLARE,5
50,9,VILLAZZANO,GEAT CLAUDIO,GENERAZIONE TRENTO GEAT SINDACO,34
50,9,VILLAZZANO,GOIO ILARIA,FORZA ITALIA BERLUSCONI PRESIDENTE,13
50,9,VILLAZZANO,GOIO ILARIA,GIORGIA MELONI FRATELLI D'ITALIA,119
50,9,VILLAZZANO,GOIO ILARIA,LEGA SALVINI PREMIER,27
50,9,VILLAZZANO,IANESELLI FRANCO,ALLEANZA VERDI SINISTRA,27
50,9,VILLAZZANO,IANESELLI FRANCO,CAMPOBASE,55
50,9,VILLAZZANO,IANESELLI FRANCO,INSIEME PER TRENTO,49
50,9,VILLAZZANO,IANESELLI FRANCO,INTESA PER IANESELLI SINDACO,23
50,9,VILLAZZANO,IANESELLI FRANCO,PARTITO DEMOCRATICO DEL TRENTINO - PSI,115
50,9,VILLAZZANO,IANESELLI FRANCO,SÌ TRENTO,15
51,9,VILLAZZANO,BORTOLOTTI GIULIA,MOVIMENTO 5 STELLE,7
51,9,VILLAZZANO,BORTOLOTTI GIULIA,ONDA,11
51,9,VILLAZZANO,BORTOLOTTI GIULIA,RIFONDAZIONE PARTITO COMUNISTA,12
51,9,VILLAZZANO,DEMARCHI ANDREA,PRIMA TRENTO! PER DEMARCHI SINDACO,51
51,9,VILLAZZANO,GABRIELLI SIMONETTA,DEMOCRAZIA SOVRANA POPOLARE,10
51,9,VILLAZZANO,GEAT CLAUDIO,GENERAZIONE TRENTO GEAT SINDACO,31
51,9,VILLAZZANO,GOIO ILARIA,FORZA ITALIA BERLUSCONI PRESIDENTE,25
51,9,VILLAZZANO,GOIO ILARIA,GIORGIA MELONI FRATELLI D'ITALIA,100
51,9,VILLAZZANO,GOIO ILARIA,LEGA SALVINI PREMIER,15
51,9,VILLAZZANO,IANESELLI FRANCO,ALLEANZA VERDI SINISTRA,37
51,9,VILLAZZANO,IANESELLI FRANCO,CAMPOBASE,57
51,9,VILLAZZANO,IANESELLI FRANCO,INSIEME PER TRENTO,55
51,9,VILLAZZANO,IANESELLI FRANCO,INTESA PER IANESELLI SINDACO,24
51,9,VILLAZZANO,IANESELLI FRANCO,PARTITO DEMOCRATICO DEL TRENTINO - PSI,127
51,9,VILLAZZANO,IANESELLI FRANCO,SÌ TRENTO,21
52,9,VILLAZZANO,BORTOLOTTI GIULIA,MOVIMENTO 5 STELLE,12
52,9,VILLAZZANO,BORTOLOTTI GIULIA,ONDA,15
52,9,VILLAZZANO,BORTOLOTTI GIULIA,RIFONDAZIONE PARTITO COMUNISTA,8
52,9,VILLAZZANO,DEMARCHI ANDREA,PRIMA TRENTO! PER DEMARCHI SINDACO,46
52,9,VILLAZZANO,GABRIELLI SIMONETTA,DEMOCRAZIA SOVRANA POPOLARE,6
52,9,VILLAZZANO,GEAT CLAUDIO,GENERAZIONE TRENTO GEAT SINDACO,29
52,9,VILLAZZANO,GOIO ILARIA,FORZA ITALIA BERLUSCONI PRESIDENTE,26
52,9,VILLAZZANO,GOIO ILARIA,GIORGIA MELONI FRATELLI D'ITALIA,77
52,9,VILLAZZANO,GOIO ILARIA,LEGA SALVINI PREMIER,26
52,9,VILLAZZANO,IANESELLI FRANCO,ALLEANZA VERDI SINISTRA,35
52,9,VILLAZZANO,IANESELLI FRANCO,CAMPOBASE,56
52,9,VILLAZZANO,IANESELLI FRANCO,INSIEME PER TRENTO,56
52,9,VILLAZZANO,IANESELLI FRANCO,INTESA PER IANESELLI SINDACO,22
52,9,VILLAZZANO,IANESELLI FRANCO,PARTITO DEMOCRATICO DEL TRENTINO - PSI,160
52,9,VILLAZZANO,IANESELLI FRANCO,SÌ TRENTO,22
53,9,VILLAZZANO,BORTOLOTTI GIULIA,MOVIMENTO 5 STELLE,7
53,9,VILLAZZANO,BORTOLOTTI GIULIA,ONDA,24
53,9,VILLAZZANO,BORTOLOTTI GIULIA,RIFONDAZIONE PARTITO COMUNISTA,10
53,9,VILLAZZANO,DEMARCHI ANDREA,PRIMA TRENTO! PER DEMARCHI SINDACO,29
53,9,VILLAZZANO,GABRIELLI SIMONETTA,DEMOCRAZIA SOVRANA POPOLARE,11
53,9,VILLAZZANO,GEAT CLAUDIO,GENERAZIONE TRENTO GEAT SINDACO,22
53,9,VILLAZZANO,GOIO ILARIA,FORZA ITALIA BERLUSCONI PRESIDENTE,13
53,9,VILLAZZANO,GOIO ILARIA,GIORGIA MELONI FRATELLI D'ITALIA,105
53,9,VILLAZZANO,GOIO ILARIA,LEGA SALVINI PREMIER,30
53,9,VILLAZZANO,IANESELLI FRANCO,ALLEANZA VERDI SINISTRA,18
53,9,VILLAZZANO,IANESELLI FRANCO,CAMPOBASE,54
53,9,VILLAZZANO,IANESELLI FRANCO,INSIEME PER TRENTO,28
53,9,VILLAZZANO,IANESELLI FRANCO,INTESA PER IANESELLI SINDACO,25
53,9,VILLAZZANO,IANESELLI FRANCO,PARTITO DEMOCRATICO DEL TRENTINO - PSI,123
53,9,VILLAZZANO,IANESELLI FRANCO,SÌ TRENTO,14
54,8,MATTARELLO,BORTOLOTTI GIULIA,MOVIMENTO 5 STELLE,9
54,8,MATTARELLO,BORTOLOTTI GIULIA,ONDA,14
54,8,MATTARELLO,BORTOLOTTI GIULIA,RIFONDAZIONE PARTITO COMUNISTA,9
54,8,MATTARELLO,DEMARCHI ANDREA,PRIMA TRENTO! PER DEMARCHI SINDACO,41
54,8,MATTARELLO,GABRIELLI SIMONETTA,DEMOCRAZIA SOVRANA POPOLARE,9
54,8,MATTARELLO,GEAT CLAUDIO,GENERAZIONE TRENTO GEAT SINDACO,37
54,8,MATTARELLO,GOIO ILARIA,FORZA ITALIA BERLUSCONI PRESIDENTE,26
54,8,MATTARELLO,GOIO ILARIA,GIORGIA MELONI FRATELLI D'ITALIA,78
54,8,MATTARELLO,GOIO ILARIA,LEGA SALVINI PREMIER,39
54,8,MATTARELLO,IANESELLI FRANCO,ALLEANZA VERDI SINISTRA,19
54,8,MATTARELLO,IANESELLI FRANCO,CAMPOBASE,44
54,8,MATTARELLO,IANESELLI FRANCO,INSIEME PER TRENTO,38
54,8,MATTARELLO,IANESELLI FRANCO,INTESA PER IANESELLI SINDACO,26
54,8,MATTARELLO,IANESELLI FRANCO,PARTITO DEMOCRATICO DEL TRENTINO - PSI,137
54,8,MATTARELLO,IANESELLI FRANCO,SÌ TRENTO,5
55,8,MATTARELLO,BORTOLOTTI GIULIA,MOVIMENTO 5 STELLE,13
55,8,MATTARELLO,BORTOLOTTI GIULIA,ONDA,10
55,8,MATTARELLO,BORTOLOTTI GIULIA,RIFONDAZIONE PARTITO COMUNISTA,3
55,8,MATTARELLO,DEMARCHI ANDREA,PRIMA TRENTO! PER DEMARCHI SINDACO,33
55,8,MATTARELLO,GABRIELLI SIMONETTA,DEMOCRAZIA SOVRANA POPOLARE,6
55,8,MATTARELLO,GEAT CLAUDIO,GENERAZIONE TRENTO GEAT SINDACO,36
55,8,MATTARELLO,GOIO ILARIA,FORZA ITALIA BERLUSCONI PRESIDENTE,28
55,8,MATTARELLO,GOIO ILARIA,GIORGIA MELONI FRATELLI D'ITALIA,67
55,8,MATTARELLO,GOIO ILARIA,LEGA SALVINI PREMIER,48
55,8,MATTARELLO,IANESELLI FRANCO,ALLEANZA VERDI SINISTRA,28
55,8,MATTARELLO,IANESELLI FRANCO,CAMPOBASE,32
55,8,MATTARELLO,IANESELLI FRANCO,INSIEME PER TRENTO,36
55,8,MATTARELLO,IANESELLI FRANCO,INTESA PER IANESELLI SINDACO,20
55,8,MATTARELLO,IANESELLI FRANCO,PARTITO DEMOCRATICO DEL TRENTINO - PSI,96
55,8,MATTARELLO,IANESELLI FRANCO,SÌ TRENTO,7
56,8,MATTARELLO,BORTOLOTTI GIULIA,MOVIMENTO 5 STELLE,11
56,8,MATTARELLO,BORTOLOTTI GIULIA,ONDA,13
56,8,MATTARELLO,BORTOLOTTI GIULIA,RIFONDAZIONE PARTITO COMUNISTA,6
56,8,MATTARELLO,DEMARCHI ANDREA,PRIMA TRENTO! PER DEMARCHI SINDACO,35
56,8,MATTARELLO,GABRIELLI SIMONETTA,DEMOCRAZIA SOVRANA POPOLARE,4
56,8,MATTARELLO,GEAT CLAUDIO,GENERAZIONE TRENTO GEAT SINDACO,62
56,8,MATTARELLO,GOIO ILARIA,FORZA ITALIA BERLUSCONI PRESIDENTE,25
56,8,MATTARELLO,GOIO ILARIA,GIORGIA MELONI FRATELLI D'ITALIA,35
56,8,MATTARELLO,GOIO ILARIA,LEGA SALVINI PREMIER,59
56,8,MATTARELLO,IANESELLI FRANCO,ALLEANZA VERDI SINISTRA,8
56,8,MATTARELLO,IANESELLI FRANCO,CAMPOBASE,36
56,8,MATTARELLO,IANESELLI FRANCO,INSIEME PER TRENTO,45
56,8,MATTARELLO,IANESELLI FRANCO,INTESA PER IANESELLI SINDACO,17
56,8,MATTARELLO,IANESELLI FRANCO,PARTITO DEMOCRATICO DEL TRENTINO - PSI,116
56,8,MATTARELLO,IANESELLI FRANCO,SÌ TRENTO,16
57,8,MATTARELLO,BORTOLOTTI GIULIA,MOVIMENTO 5 STELLE,12
57,8,MATTARELLO,BORTOLOTTI GIULIA,ONDA,14
57,8,MATTARELLO,BORTOLOTTI GIULIA,RIFONDAZIONE PARTITO COMUNISTA,3
57,8,MATTARELLO,DEMARCHI ANDREA,PRIMA TRENTO! PER DEMARCHI SINDACO,40
57,8,MATTARELLO,GABRIELLI SIMONETTA,DEMOCRAZIA SOVRANA POPOLARE,14
57,8,MATTARELLO,GEAT CLAUDIO,GENERAZIONE TRENTO GEAT SINDACO,72
57,8,MATTARELLO,GOIO ILARIA,FORZA ITALIA BERLUSCONI PRESIDENTE,18
57,8,MATTARELLO,GOIO ILARIA,GIORGIA MELONI FRATELLI D'ITALIA,97
57,8,MATTARELLO,GOIO ILARIA,LEGA SALVINI PREMIER,50
57,8,MATTARELLO,IANESELLI FRANCO,ALLEANZA VERDI SINISTRA,18
57,8,MATTARELLO,IANESELLI FRANCO,CAMPOBASE,32
57,8,MATTARELLO,IANESELLI FRANCO,INSIEME PER TRENTO,47
57,8,MATTARELLO,IANESELLI FRANCO,INTESA PER IANESELLI SINDACO,19
57,8,MATTARELLO,IANESELLI FRANCO,PARTITO DEMOCRATICO DEL TRENTINO - PSI,145
57,8,MATTARELLO,IANESELLI FRANCO,SÌ TRENTO,8
58,8,MATTARELLO,BORTOLOTTI GIULIA,MOVIMENTO 5 STELLE,3
58,8,MATTARELLO,BORTOLOTTI GIULIA,ONDA,13
58,8,MATTARELLO,BORTOLOTTI GIULIA,RIFONDAZIONE PARTITO COMUNISTA,6
58,8,MATTARELLO,DEMARCHI ANDREA,PRIMA TRENTO! PER DEMARCHI SINDACO,28
58,8,MATTARELLO,GABRIELLI SIMONETTA,DEMOCRAZIA SOVRANA POPOLARE,6
58,8,MATTARELLO,GEAT CLAUDIO,GENERAZIONE TRENTO GEAT SINDACO,81
58,8,MATTARELLO,GOIO ILARIA,FORZA ITALIA BERLUSCONI PRESIDENTE,41
58,8,MATTARELLO,GOIO ILARIA,GIORGIA MELONI FRATELLI D'ITALIA,48
58,8,MATTARELLO,GOIO ILARIA,LEGA SALVINI PREMIER,22
58,8,MATTARELLO,IANESELLI FRANCO,ALLEANZA VERDI SINISTRA,17
58,8,MATTARELLO,IANESELLI FRANCO,CAMPOBASE,20
58,8,MATTARELLO,IANESELLI FRANCO,INSIEME PER TRENTO,40
58,8,MATTARELLO,IANESELLI FRANCO,INTESA PER IANESELLI SINDACO,19
58,8,MATTARELLO,IANESELLI FRANCO,PARTITO DEMOCRATICO DEL TRENTINO - PSI,105
58,8,MATTARELLO,IANESELLI FRANCO,SÌ TRENTO,5
59,7,POVO,BORTOLOTTI GIULIA,MOVIMENTO 5 STELLE,9
59,7,POVO,BORTOLOTTI GIULIA,ONDA,12
59,7,POVO,BORTOLOTTI GIULIA,RIFONDAZIONE PARTITO COMUNISTA,11
59,7,POVO,DEMARCHI ANDREA,PRIMA TRENTO! PER DEMARCHI SINDACO,74
59,7,POVO,GABRIELLI SIMONETTA,DEMOCRAZIA SOVRANA POPOLARE,9
59,7,POVO,GEAT CLAUDIO,GENERAZIONE TRENTO GEAT SINDACO,35
59,7,POVO,GOIO ILARIA,FORZA ITALIA BERLUSCONI PRESIDENTE,13
59,7,POVO,GOIO ILARIA,GIORGIA MELONI FRATELLI D'ITALIA,81
59,7,POVO,GOIO ILARIA,LEGA SALVINI PREMIER,41
59,7,POVO,IANESELLI FRANCO,ALLEANZA VERDI SINISTRA,33
59,7,POVO,IANESELLI FRANCO,CAMPOBASE,78
59,7,POVO,IANESELLI FRANCO,INSIEME PER TRENTO,45
59,7,POVO,IANESELLI FRANCO,INTESA PER IANESELLI SINDACO,5
59,7,POVO,IANESELLI FRANCO,PARTITO DEMOCRATICO DEL TRENTINO - PSI,146
59,7,POVO,IANESELLI FRANCO,SÌ TRENTO,16
60,7,POVO,BORTOLOTTI GIULIA,MOVIMENTO 5 STELLE,13
60,7,POVO,BORTOLOTTI GIULIA,ONDA,20
60,7,POVO,BORTOLOTTI GIULIA,RIFONDAZIONE PARTITO COMUNISTA,17
60,7,POVO,DEMARCHI ANDREA,PRIMA TRENTO! PER DEMARCHI SINDACO,57
60,7,POVO,GABRIELLI SIMONETTA,DEMOCRAZIA SOVRANA POPOLARE,17
60,7,POVO,GEAT CLAUDIO,GENERAZIONE TRENTO GEAT SINDACO,35
60,7,POVO,GOIO ILARIA,FORZA ITALIA BERLUSCONI PRESIDENTE,19
60,7,POVO,GOIO ILARIA,GIORGIA MELONI FRATELLI D'ITALIA,93
60,7,POVO,GOIO ILARIA,LEGA SALVINI PREMIER,27
60,7,POVO,IANESELLI FRANCO,ALLEANZA VERDI SINISTRA,43
60,7,POVO,IANESELLI FRANCO,CAMPOBASE,85
60,7,POVO,IANESELLI FRANCO,INSIEME PER TRENTO,44
60,7,POVO,IANESELLI FRANCO,INTESA PER IANESELLI SINDACO,11
60,7,POVO,IANESELLI FRANCO,PARTITO DEMOCRATICO DEL TRENTINO - PSI,231
60,7,POVO,IANESELLI FRANCO,SÌ TRENTO,20
61,7,POVO,BORTOLOTTI GIULIA,MOVIMENTO 5 STELLE,10
61,7,POVO,BORTOLOTTI GIULIA,ONDA,13
61,7,POVO,BORTOLOTTI GIULIA,RIFONDAZIONE PARTITO COMUNISTA,11
61,7,POVO,DEMARCHI ANDREA,PRIMA TRENTO! PER DEMARCHI SINDACO,43
61,7,POVO,GABRIELLI SIMONETTA,DEMOCRAZIA SOVRANA POPOLARE,15
61,7,POVO,GEAT CLAUDIO,GENERAZIONE TRENTO GEAT SINDACO,20
61,7,POVO,GOIO ILARIA,FORZA ITALIA BERLUSCONI PRESIDENTE,24
61,7,POVO,GOIO ILARIA,GIORGIA MELONI FRATELLI D'ITALIA,81
61,7,POVO,GOIO ILARIA,LEGA SALVINI PREMIER,16
61,7,POVO,IANESELLI FRANCO,ALLEANZA VERDI SINISTRA,51
61,7,POVO,IANESELLI FRANCO,CAMPOBASE,65
61,7,POVO,IANESELLI FRANCO,INSIEME PER TRENTO,47
61,7,POVO,IANESELLI FRANCO,INTESA PER IANESELLI SINDACO,11
61,7,POVO,IANESELLI FRANCO,PARTITO DEMOCRATICO DEL TRENTINO - PSI,182
61,7,POVO,IANESELLI FRANCO,SÌ TRENTO,12
62,7,POVO,BORTOLOTTI GIULIA,MOVIMENTO 5 STELLE,8
62,7,POVO,BORTOLOTTI GIULIA,ONDA,16
62,7,POVO,BORTOLOTTI GIULIA,RIFONDAZIONE PARTITO COMUNISTA,14
62,7,POVO,DEMARCHI ANDREA,PRIMA TRENTO! PER DEMARCHI SINDACO,53
62,7,POVO,GABRIELLI SIMONETTA,DEMOCRAZIA SOVRANA POPOLARE,14
62,7,POVO,GEAT CLAUDIO,GENERAZIONE TRENTO GEAT SINDACO,7
62,7,POVO,GOIO ILARIA,FORZA ITALIA BERLUSCONI PRESIDENTE,17
62,7,POVO,GOIO ILARIA,GIORGIA MELONI FRATELLI D'ITALIA,54
62,7,POVO,GOIO ILARIA,LEGA SALVINI PREMIER,22
62,7,POVO,IANESELLI FRANCO,ALLEANZA VERDI SINISTRA,19
62,7,POVO,IANESELLI FRANCO,CAMPOBASE,54
62,7,POVO,IANESELLI FRANCO,INSIEME PER TRENTO,44
62,7,POVO,IANESELLI FRANCO,INTESA PER IANESELLI SINDACO,9
62,7,POVO,IANESELLI FRANCO,PARTITO DEMOCRATICO DEL TRENTINO - PSI,171
62,7,POVO,IANESELLI FRANCO,SÌ TRENTO,6
63,6,ARGENTARIO,BORTOLOTTI GIULIA,MOVIMENTO 5 STELLE,13
63,6,ARGENTARIO,BORTOLOTTI GIULIA,ONDA,11
63,6,ARGENTARIO,BORTOLOTTI GIULIA,RIFONDAZIONE PARTITO COMUNISTA,14
63,6,ARGENTARIO,DEMARCHI ANDREA,PRIMA TRENTO! PER DEMARCHI SINDACO,51
63,6,ARGENTARIO,GABRIELLI SIMONETTA,DEMOCRAZIA SOVRANA POPOLARE,16
63,6,ARGENTARIO,GEAT CLAUDIO,GENERAZIONE TRENTO GEAT SINDACO,31
63,6,ARGENTARIO,GOIO ILARIA,FORZA ITALIA BERLUSCONI PRESIDENTE,20
63,6,ARGENTARIO,GOIO ILARIA,GIORGIA MELONI FRATELLI D'ITALIA,67
63,6,ARGENTARIO,GOIO ILARIA,LEGA SALVINI PREMIER,35
63,6,ARGENTARIO,IANESELLI FRANCO,ALLEANZA VERDI SINISTRA,23
63,6,ARGENTARIO,IANESELLI FRANCO,CAMPOBASE,70
63,6,ARGENTARIO,IANESELLI FRANCO,INSIEME PER TRENTO,27
63,6,ARGENTARIO,IANESELLI FRANCO,INTESA PER IANESELLI SINDACO,8
63,6,ARGENTARIO,IANESELLI FRANCO,PARTITO DEMOCRATICO DEL TRENTINO - PSI,190
63,6,ARGENTARIO,IANESELLI FRANCO,SÌ TRENTO,9
64,6,ARGENTARIO,BORTOLOTTI GIULIA,MOVIMENTO 5 STELLE,9
64,6,ARGENTARIO,BORTOLOTTI GIULIA,ONDA,7
64,6,ARGENTARIO,BORTOLOTTI GIULIA,RIFONDAZIONE PARTITO COMUNISTA,5
64,6,ARGENTARIO,DEMARCHI ANDREA,PRIMA TRENTO! PER DEMARCHI SINDACO,17
64,6,ARGENTARIO,GABRIELLI SIMONETTA,DEMOCRAZIA SOVRANA POPOLARE,13
64,6,ARGENTARIO,GEAT CLAUDIO,GENERAZIONE TRENTO GEAT SINDACO,22
64,6,ARGENTARIO,GOIO ILARIA,FORZA ITALIA BERLUSCONI PRESIDENTE,17
64,6,ARGENTARIO,GOIO ILARIA,GIORGIA MELONI FRATELLI D'ITALIA,58
64,6,ARGENTARIO,GOIO ILARIA,LEGA SALVINI PREMIER,24
64,6,ARGENTARIO,IANESELLI FRANCO,ALLEANZA VERDI SINISTRA,27
64,6,ARGENTARIO,IANESELLI FRANCO,CAMPOBASE,100
64,6,ARGENTARIO,IANESELLI FRANCO,INSIEME PER TRENTO,41
64,6,ARGENTARIO,IANESELLI FRANCO,INTESA PER IANESELLI SINDACO,10
64,6,ARGENTARIO,IANESELLI FRANCO,PARTITO DEMOCRATICO DEL TRENTINO - PSI,107
64,6,ARGENTARIO,IANESELLI FRANCO,SÌ TRENTO,16
65,6,ARGENTARIO,BORTOLOTTI GIULIA,MOVIMENTO 5 STELLE,6
65,6,ARGENTARIO,BORTOLOTTI GIULIA,ONDA,11
65,6,ARGENTARIO,BORTOLOTTI GIULIA,RIFONDAZIONE PARTITO COMUNISTA,2
65,6,ARGENTARIO,DEMARCHI ANDREA,PRIMA TRENTO! PER DEMARCHI SINDACO,29
65,6,ARGENTARIO,GABRIELLI SIMONETTA,DEMOCRAZIA SOVRANA POPOLARE,13
65,6,ARGENTARIO,GEAT CLAUDIO,GENERAZIONE TRENTO GEAT SINDACO,13
65,6,ARGENTARIO,GOIO ILARIA,FORZA ITALIA BERLUSCONI PRESIDENTE,8
65,6,ARGENTARIO,GOIO ILARIA,GIORGIA MELONI FRATELLI D'ITALIA,84
65,6,ARGENTARIO,GOIO ILARIA,LEGA SALVINI PREMIER,49
65,6,ARGENTARIO,IANESELLI FRANCO,ALLEANZA VERDI SINISTRA,29
65,6,ARGENTARIO,IANESELLI FRANCO,CAMPOBASE,102
65,6,ARGENTARIO,IANESELLI FRANCO,INSIEME PER TRENTO,52
65,6,ARGENTARIO,IANESELLI FRANCO,INTESA PER IANESELLI SINDACO,14
65,6,ARGENTARIO,IANESELLI FRANCO,PARTITO DEMOCRATICO DEL TRENTINO - PSI,136
65,6,ARGENTARIO,IANESELLI FRANCO,SÌ TRENTO,7
66,6,ARGENTARIO,BORTOLOTTI GIULIA,MOVIMENTO 5 STELLE,10
66,6,ARGENTARIO,BORTOLOTTI GIULIA,ONDA,17
66,6,ARGENTARIO,BORTOLOTTI GIULIA,RIFONDAZIONE PARTITO COMUNISTA,7
66,6,ARGENTARIO,DEMARCHI ANDREA,PRIMA TRENTO! PER DEMARCHI SINDACO,36
66,6,ARGENTARIO,GABRIELLI SIMONETTA,DEMOCRAZIA SOVRANA POPOLARE,8
66,6,ARGENTARIO,GEAT CLAUDIO,GENERAZIONE TRENTO GEAT SINDACO,43
66,6,ARGENTARIO,GOIO ILARIA,FORZA ITALIA BERLUSCONI PRESIDENTE,22
66,6,ARGENTARIO,GOIO ILARIA,GIORGIA MELONI FRATELLI D'ITALIA,85
66,6,ARGENTARIO,GOIO ILARIA,LEGA SALVINI PREMIER,50
66,6,ARGENTARIO,IANESELLI FRANCO,ALLEANZA VERDI SINISTRA,30
66,6,ARGENTARIO,IANESELLI FRANCO,CAMPOBASE,56
66,6,ARGENTARIO,IANESELLI FRANCO,INSIEME PER TRENTO,43
66,6,ARGENTARIO,IANESELLI FRANCO,INTESA PER IANESELLI SINDACO,8
66,6,ARGENTARIO,IANESELLI FRANCO,PARTITO DEMOCRATICO DEL TRENTINO - PSI,112
66,6,ARGENTARIO,IANESELLI FRANCO,SÌ TRENTO,11
67,6,ARGENTARIO,BORTOLOTTI GIULIA,MOVIMENTO 5 STELLE,10
67,6,ARGENTARIO,BORTOLOTTI GIULIA,ONDA,15
67,6,ARGENTARIO,BORTOLOTTI GIULIA,RIFONDAZIONE PARTITO COMUNISTA,10
67,6,ARGENTARIO,DEMARCHI ANDREA,PRIMA TRENTO! PER DEMARCHI SINDACO,33
67,6,ARGENTARIO,GABRIELLI SIMONETTA,DEMOCRAZIA SOVRANA POPOLARE,4
67,6,ARGENTARIO,GEAT CLAUDIO,GENERAZIONE TRENTO GEAT SINDACO,22
67,6,ARGENTARIO,GOIO ILARIA,FORZA ITALIA BERLUSCONI PRESIDENTE,30
67,6,ARGENTARIO,GOIO ILARIA,GIORGIA MELONI FRATELLI D'ITALIA,66
67,6,ARGENTARIO,GOIO ILARIA,LEGA SALVINI PREMIER,40
67,6,ARGENTARIO,IANESELLI FRANCO,ALLEANZA VERDI SINISTRA,27
67,6,ARGENTARIO,IANESELLI FRANCO,CAMPOBASE,60
67,6,ARGENTARIO,IANESELLI FRANCO,INSIEME PER TRENTO,37
67,6,ARGENTARIO,IANESELLI FRANCO,INTESA PER IANESELLI SINDACO,15
67,6,ARGENTARIO,IANESELLI FRANCO,PARTITO DEMOCRATICO DEL TRENTINO - PSI,149
67,6,ARGENTARIO,IANESELLI FRANCO,SÌ TRENTO,17
68,6,ARGENTARIO,BORTOLOTTI GIULIA,MOVIMENTO 5 STELLE,9
68,6,ARGENTARIO,BORTOLOTTI GIULIA,ONDA,43
68,6,ARGENTARIO,BORTOLOTTI GIULIA,RIFONDAZIONE PARTITO COMUNISTA,9
68,6,ARGENTARIO,DEMARCHI ANDREA,PRIMA TRENTO! PER DEMARCHI SINDACO,42
68,6,ARGENTARIO,GABRIELLI SIMONETTA,DEMOCRAZIA SOVRANA POPOLARE,8
68,6,ARGENTARIO,GEAT CLAUDIO,GENERAZIONE TRENTO GEAT SINDACO,26
68,6,ARGENTARIO,GOIO ILARIA,FORZA ITALIA BERLUSCONI PRESIDENTE,24
68,6,ARGENTARIO,GOIO ILARIA,GIORGIA MELONI FRATELLI D'ITALIA,84
68,6,ARGENTARIO,GOIO ILARIA,LEGA SALVINI PREMIER,31
68,6,ARGENTARIO,IANESELLI FRANCO,ALLEANZA VERDI SINISTRA,16
68,6,ARGENTARIO,IANESELLI FRANCO,CAMPOBASE,54
68,6,ARGENTARIO,IANESELLI FRANCO,INSIEME PER TRENTO,48
68,6,ARGENTARIO,IANESELLI FRANCO,INTESA PER IANESELLI SINDACO,12
68,6,ARGENTARIO,IANESELLI FRANCO,PARTITO DEMOCRATICO DEL TRENTINO - PSI,163
68,6,ARGENTARIO,IANESELLI FRANCO,SÌ TRENTO,3
69,6,ARGENTARIO,BORTOLOTTI GIULIA,MOVIMENTO 5 STELLE,11
69,6,ARGENTARIO,BORTOLOTTI GIULIA,ONDA,8
69,6,ARGENTARIO,BORTOLOTTI GIULIA,RIFONDAZIONE PARTITO COMUNISTA,9
69,6,ARGENTARIO,DEMARCHI ANDREA,PRIMA TRENTO! PER DEMARCHI SINDACO,35
69,6,ARGENTARIO,GABRIELLI SIMONETTA,DEMOCRAZIA SOVRANA POPOLARE,9
69,6,ARGENTARIO,GEAT CLAUDIO,GENERAZIONE TRENTO GEAT SINDACO,20
69,6,ARGENTARIO,GOIO ILARIA,FORZA ITALIA BERLUSCONI PRESIDENTE,45
69,6,ARGENTARIO,GOIO ILARIA,GIORGIA MELONI FRATELLI D'ITALIA,96
69,6,ARGENTARIO,GOIO ILARIA,LEGA SALVINI PREMIER,33
69,6,ARGENTARIO,IANESELLI FRANCO,ALLEANZA VERDI SINISTRA,20
69,6,ARGENTARIO,IANESELLI FRANCO,CAMPOBASE,66
69,6,ARGENTARIO,IANESELLI FRANCO,INSIEME PER TRENTO,44
69,6,ARGENTARIO,IANESELLI FRANCO,INTESA PER IANESELLI SINDACO,10
69,6,ARGENTARIO,IANESELLI FRANCO,PARTITO DEMOCRATICO DEL TRENTINO - PSI,144
69,6,ARGENTARIO,IANESELLI FRANCO,SÌ TRENTO,5
70,6,ARGENTARIO,BORTOLOTTI GIULIA,MOVIMENTO 5 STELLE,8
70,6,ARGENTARIO,BORTOLOTTI GIULIA,ONDA,9
70,6,ARGENTARIO,BORTOLOTTI GIULIA,RIFONDAZIONE PARTITO COMUNISTA,7
70,6,ARGENTARIO,DEMARCHI ANDREA,PRIMA TRENTO! PER DEMARCHI SINDACO,24
70,6,ARGENTARIO,GABRIELLI SIMONETTA,DEMOCRAZIA SOVRANA POPOLARE,17
70,6,ARGENTARIO,GEAT CLAUDIO,GENERAZIONE TRENTO GEAT SINDACO,35
70,6,ARGENTARIO,GOIO ILARIA,FORZA ITALIA BERLUSCONI PRESIDENTE,19
70,6,ARGENTARIO,GOIO ILARIA,GIORGIA MELONI FRATELLI D'ITALIA,79
70,6,ARGENTARIO,GOIO ILARIA,LEGA SALVINI PREMIER,44
70,6,ARGENTARIO,IANESELLI FRANCO,ALLEANZA VERDI SINISTRA,34
70,6,ARGENTARIO,IANESELLI FRANCO,CAMPOBASE,82
70,6,ARGENTARIO,IANESELLI FRANCO,INSIEME PER TRENTO,42
70,6,ARGENTARIO,IANESELLI FRANCO,INTESA PER IANESELLI SINDACO,11
70,6,ARGENTARIO,IANESELLI FRANCO,PARTITO DEMOCRATICO DEL TRENTINO - PSI,153
70,6,ARGENTARIO,IANESELLI FRANCO,SÌ TRENTO,12
71,6,ARGENTARIO,BORTOLOTTI GIULIA,MOVIMENTO 5 STELLE,14
71,6,ARGENTARIO,BORTOLOTTI GIULIA,ONDA,19
71,6,ARGENTARIO,BORTOLOTTI GIULIA,RIFONDAZIONE PARTITO COMUNISTA,5
71,6,ARGENTARIO,DEMARCHI ANDREA,PRIMA TRENTO! PER DEMARCHI SINDACO,14
71,6,ARGENTARIO,GABRIELLI SIMONETTA,DEMOCRAZIA SOVRANA POPOLARE,4
71,6,ARGENTARIO,GEAT CLAUDIO,GENERAZIONE TRENTO GEAT SINDACO,20
71,6,ARGENTARIO,GOIO ILARIA,FORZA ITALIA BERLUSCONI PRESIDENTE,13
71,6,ARGENTARIO,GOIO ILARIA,GIORGIA MELONI FRATELLI D'ITALIA,71
71,6,ARGENTARIO,GOIO ILARIA,LEGA SALVINI PREMIER,35
71,6,ARGENTARIO,IANESELLI FRANCO,ALLEANZA VERDI SINISTRA,24
71,6,ARGENTARIO,IANESELLI FRANCO,CAMPOBASE,36
71,6,ARGENTARIO,IANESELLI FRANCO,INSIEME PER TRENTO,44
71,6,ARGENTARIO,IANESELLI FRANCO,INTESA PER IANESELLI SINDACO,3
71,6,ARGENTARIO,IANESELLI FRANCO,PARTITO DEMOCRATICO DEL TRENTINO - PSI,139
71,6,ARGENTARIO,IANESELLI FRANCO,SÌ TRENTO,13
72,5,RAVINA-ROMAGNANO,BORTOLOTTI GIULIA,MOVIMENTO 5 STELLE,12
72,5,RAVINA-ROMAGNANO,BORTOLOTTI GIULIA,ONDA,7
72,5,RAVINA-ROMAGNANO,BORTOLOTTI GIULIA,RIFONDAZIONE PARTITO COMUNISTA,6
72,5,RAVINA-ROMAGNANO,DEMARCHI ANDREA,PRIMA TRENTO! PER DEMARCHI SINDACO,25
72,5,RAVINA-ROMAGNANO,GABRIELLI SIMONETTA,DEMOCRAZIA SOVRANA POPOLARE,10
72,5,RAVINA-ROMAGNANO,GEAT CLAUDIO,GENERAZIONE TRENTO GEAT SINDACO,14
72,5,RAVINA-ROMAGNANO,GOIO ILARIA,FORZA ITALIA BERLUSCONI PRESIDENTE,35
72,5,RAVINA-ROMAGNANO,GOIO ILARIA,GIORGIA MELONI FRATELLI D'ITALIA,68
72,5,RAVINA-ROMAGNANO,GOIO ILARIA,LEGA SALVINI PREMIER,32
72,5,RAVINA-ROMAGNANO,IANESELLI FRANCO,ALLEANZA VERDI SINISTRA,25
72,5,RAVINA-ROMAGNANO,IANESELLI FRANCO,CAMPOBASE,49
72,5,RAVINA-ROMAGNANO,IANESELLI FRANCO,INSIEME PER TRENTO,42
72,5,RAVINA-ROMAGNANO,IANESELLI FRANCO,INTESA PER IANESELLI SINDACO,7
72,5,RAVINA-ROMAGNANO,IANESELLI FRANCO,PARTITO DEMOCRATICO DEL TRENTINO - PSI,108
72,5,RAVINA-ROMAGNANO,IANESELLI FRANCO,SÌ TRENTO,23
73,5,RAVINA-ROMAGNANO,BORTOLOTTI GIULIA,MOVIMENTO 5 STELLE,19
73,5,RAVINA-ROMAGNANO,BORTOLOTTI GIULIA,ONDA,7
73,5,RAVINA-ROMAGNANO,BORTOLOTTI GIULIA,RIFONDAZIONE PARTITO COMUNISTA,5
73,5,RAVINA-ROMAGNANO,DEMARCHI ANDREA,PRIMA TRENTO! PER DEMARCHI SINDACO,20
73,5,RAVINA-ROMAGNANO,GABRIELLI SIMONETTA,DEMOCRAZIA SOVRANA POPOLARE,6
73,5,RAVINA-ROMAGNANO,GEAT CLAUDIO,GENERAZIONE TRENTO GEAT SINDACO,17
73,5,RAVINA-ROMAGNANO,GOIO ILARIA,FORZA ITALIA BERLUSCONI PRESIDENTE,27
73,5,RAVINA-ROMAGNANO,GOIO ILARIA,GIORGIA MELONI FRATELLI D'ITALIA,87
73,5,RAVINA-ROMAGNANO,GOIO ILARIA,LEGA SALVINI PREMIER,37
73,5,RAVINA-ROMAGNANO,IANESELLI FRANCO,ALLEANZA VERDI SINISTRA,24
73,5,RAVINA-ROMAGNANO,IANESELLI FRANCO,CAMPOBASE,46
73,5,RAVINA-ROMAGNANO,IANESELLI FRANCO,INSIEME PER TRENTO,34
73,5,RAVINA-ROMAGNANO,IANESELLI FRANCO,INTESA PER IANESELLI SINDACO,16
73,5,RAVINA-ROMAGNANO,IANESELLI FRANCO,PARTITO DEMOCRATICO DEL TRENTINO - PSI,118
73,5,RAVINA-ROMAGNANO,IANESELLI FRANCO,SÌ TRENTO,12
74,5,RAVINA-ROMAGNANO,BORTOLOTTI GIULIA,MOVIMENTO 5 STELLE,14
74,5,RAVINA-ROMAGNANO,BORTOLOTTI GIULIA,ONDA,13
74,5,RAVINA-ROMAGNANO,BORTOLOTTI GIULIA,RIFONDAZIONE PARTITO COMUNISTA,2
74,5,RAVINA-ROMAGNANO,DEMARCHI ANDREA,PRIMA TRENTO! PER DEMARCHI SINDACO,33
74,5,RAVINA-ROMAGNANO,GABRIELLI SIMONETTA,DEMOCRAZIA SOVRANA POPOLARE,9
74,5,RAVINA-ROMAGNANO,GEAT CLAUDIO,GENERAZIONE TRENTO GEAT SINDACO,10
74,5,RAVINA-ROMAGNANO,GOIO ILARIA,FORZA ITALIA BERLUSCONI PRESIDENTE,20
74,5,RAVINA-ROMAGNANO,GOIO ILARIA,GIORGIA MELONI FRATELLI D'ITALIA,69
74,5,RAVINA-ROMAGNANO,GOIO ILARIA,LEGA SALVINI PREMIER,37
74,5,RAVINA-ROMAGNANO,IANESELLI FRANCO,ALLEANZA VERDI SINISTRA,16
74,5,RAVINA-ROMAGNANO,IANESELLI FRANCO,CAMPOBASE,19
74,5,RAVINA-ROMAGNANO,IANESELLI FRANCO,INSIEME PER TRENTO,35
74,5,RAVINA-ROMAGNANO,IANESELLI FRANCO,INTESA PER IANESELLI SINDACO,15
74,5,RAVINA-ROMAGNANO,IANESELLI FRANCO,PARTITO DEMOCRATICO DEL TRENTINO - PSI,78
74,5,RAVINA-ROMAGNANO,IANESELLI FRANCO,SÌ TRENTO,23
75,5,RAVINA-ROMAGNANO,BORTOLOTTI GIULIA,MOVIMENTO 5 STELLE,8
75,5,RAVINA-ROMAGNANO,BORTOLOTTI GIULIA,ONDA,5
75,5,RAVINA-ROMAGNANO,BORTOLOTTI GIULIA,RIFONDAZIONE PARTITO COMUNISTA,6
75,5,RAVINA-ROMAGNANO,DEMARCHI ANDREA,PRIMA TRENTO! PER DEMARCHI SINDACO,10
75,5,RAVINA-ROMAGNANO,GABRIELLI SIMONETTA,DEMOCRAZIA SOVRANA POPOLARE,4
75,5,RAVINA-ROMAGNANO,GEAT CLAUDIO,GENERAZIONE TRENTO GEAT SINDACO,17
75,5,RAVINA-ROMAGNANO,GOIO ILARIA,FORZA ITALIA BERLUSCONI PRESIDENTE,36
75,5,RAVINA-ROMAGNANO,GOIO ILARIA,GIORGIA MELONI FRATELLI D'ITALIA,54
75,5,RAVINA-ROMAGNANO,GOIO ILARIA,LEGA SALVINI PREMIER,20
75,5,RAVINA-ROMAGNANO,IANESELLI FRANCO,ALLEANZA VERDI SINISTRA,9
75,5,RAVINA-ROMAGNANO,IANESELLI FRANCO,CAMPOBASE,32
75,5,RAVINA-ROMAGNANO,IANESELLI FRANCO,INSIEME PER TRENTO,37
75,5,RAVINA-ROMAGNANO,IANESELLI FRANCO,INTESA PER IANESELLI SINDACO,9
75,5,RAVINA-ROMAGNANO,IANESELLI FRANCO,PARTITO DEMOCRATICO DEL TRENTINO - PSI,87
75,5,RAVINA-ROMAGNANO,IANESELLI FRANCO,SÌ TRENTO,10
76,4,SARDAGNA,BORTOLOTTI GIULIA,MOVIMENTO 5 STELLE,16
76,4,SARDAGNA,BORTOLOTTI GIULIA,ONDA,26
76,4,SARDAGNA,BORTOLOTTI GIULIA,RIFONDAZIONE PARTITO COMUNISTA,7
76,4,SARDAGNA,DEMARCHI ANDREA,PRIMA TRENTO! PER DEMARCHI SINDACO,22
76,4,SARDAGNA,GABRIELLI SIMONETTA,DEMOCRAZIA SOVRANA POPOLARE,12
76,4,SARDAGNA,GEAT CLAUDIO,GENERAZIONE TRENTO GEAT SINDACO,40
76,4,SARDAGNA,GOIO ILARIA,FORZA ITALIA BERLUSCONI PRESIDENTE,20
76,4,SARDAGNA,GOIO ILARIA,GIORGIA MELONI FRATELLI D'ITALIA,63
76,4,SARDAGNA,GOIO ILARIA,LEGA SALVINI PREMIER,32
76,4,SARDAGNA,IANESELLI FRANCO,ALLEANZA VERDI SINISTRA,22
76,4,SARDAGNA,IANESELLI FRANCO,CAMPOBASE,148
76,4,SARDAGNA,IANESELLI FRANCO,INSIEME PER TRENTO,35
76,4,SARDAGNA,IANESELLI FRANCO,INTESA PER IANESELLI SINDACO,10
76,4,SARDAGNA,IANESELLI FRANCO,PARTITO DEMOCRATICO DEL TRENTINO - PSI,55
76,4,SARDAGNA,IANESELLI FRANCO,SÌ TRENTO,4
77,3,BONDONE,BORTOLOTTI GIULIA,MOVIMENTO 5 STELLE,5
77,3,BONDONE,BORTOLOTTI GIULIA,ONDA,18
77,3,BONDONE,BORTOLOTTI GIULIA,RIFONDAZIONE PARTITO COMUNISTA,1
77,3,BONDONE,DEMARCHI ANDREA,PRIMA TRENTO! PER DEMARCHI SINDACO,26
77,3,BONDONE,GABRIELLI SIMONETTA,DEMOCRAZIA SOVRANA POPOLARE,6
77,3,BONDONE,GEAT CLAUDIO,GENERAZIONE TRENTO GEAT SINDACO,12
77,3,BONDONE,GOIO ILARIA,FORZA ITALIA BERLUSCONI PRESIDENTE,21
77,3,BONDONE,GOIO ILARIA,GIORGIA MELONI FRATELLI D'ITALIA,60
77,3,BONDONE,GOIO ILARIA,LEGA SALVINI PREMIER,49
77,3,BONDONE,IANESELLI FRANCO,ALLEANZA VERDI SINISTRA,17
77,3,BONDONE,IANESELLI FRANCO,CAMPOBASE,27
77,3,BONDONE,IANESELLI FRANCO,INSIEME PER TRENTO,30
77,3,BONDONE,IANESELLI FRANCO,INTESA PER IANESELLI SINDACO,9
77,3,BONDONE,IANESELLI FRANCO,PARTITO DEMOCRATICO DEL TRENTINO - PSI,130
77,3,BONDONE,IANESELLI FRANCO,SÌ TRENTO,12
78,3,BONDONE,BORTOLOTTI GIULIA,MOVIMENTO 5 STELLE,14
78,3,BONDONE,BORTOLOTTI GIULIA,ONDA,13
78,3,BONDONE,BORTOLOTTI GIULIA,RIFONDAZIONE PARTITO COMUNISTA,10
78,3,BONDONE,DEMARCHI ANDREA,PRIMA TRENTO! PER DEMARCHI SINDACO,36
78,3,BONDONE,GABRIELLI SIMONETTA,DEMOCRAZIA SOVRANA POPOLARE,15
78,3,BONDONE,GEAT CLAUDIO,GENERAZIONE TRENTO GEAT SINDACO,12
78,3,BONDONE,GOIO ILARIA,FORZA ITALIA BERLUSCONI PRESIDENTE,32
78,3,BONDONE,GOIO ILARIA,GIORGIA MELONI FRATELLI D'ITALIA,97
78,3,BONDONE,GOIO ILARIA,LEGA SALVINI PREMIER,46
78,3,BONDONE,IANESELLI FRANCO,ALLEANZA VERDI SINISTRA,14
78,3,BONDONE,IANESELLI FRANCO,CAMPOBASE,59
78,3,BONDONE,IANESELLI FRANCO,INSIEME PER TRENTO,24
78,3,BONDONE,IANESELLI FRANCO,INTESA PER IANESELLI SINDACO,3
78,3,BONDONE,IANESELLI FRANCO,PARTITO DEMOCRATICO DEL TRENTINO - PSI,186
78,3,BONDONE,IANESELLI FRANCO,SÌ TRENTO,10
79,3,BONDONE,BORTOLOTTI GIULIA,MOVIMENTO 5 STELLE,19
79,3,BONDONE,BORTOLOTTI GIULIA,ONDA,14
79,3,BONDONE,BORTOLOTTI GIULIA,RIFONDAZIONE PARTITO COMUNISTA,6
79,3,BONDONE,DEMARCHI ANDREA,PRIMA TRENTO! PER DEMARCHI SINDACO,12
79,3,BONDONE,GABRIELLI SIMONETTA,DEMOCRAZIA SOVRANA POPOLARE,10
79,3,BONDONE,GEAT CLAUDIO,GENERAZIONE TRENTO GEAT SINDACO,20
79,3,BONDONE,GOIO ILARIA,FORZA ITALIA BERLUSCONI PRESIDENTE,14
79,3,BONDONE,GOIO ILARIA,GIORGIA MELONI FRATELLI D'ITALIA,61
79,3,BONDONE,GOIO ILARIA,LEGA SALVINI PREMIER,20
79,3,BONDONE,IANESELLI FRANCO,ALLEANZA VERDI SINISTRA,26
79,3,BONDONE,IANESELLI FRANCO,CAMPOBASE,28
79,3,BONDONE,IANESELLI FRANCO,INSIEME PER TRENTO,31
79,3,BONDONE,IANESELLI FRANCO,INTESA PER IANESELLI SINDACO,11
79,3,BONDONE,IANESELLI FRANCO,PARTITO DEMOCRATICO DEL TRENTINO - PSI,136
79,3,BONDONE,IANESELLI FRANCO,SÌ TRENTO,6
80,3,BONDONE,BORTOLOTTI GIULIA,MOVIMENTO 5 STELLE,18
80,3,BONDONE,BORTOLOTTI GIULIA,ONDA,26
80,3,BONDONE,BORTOLOTTI GIULIA,RIFONDAZIONE PARTITO COMUNISTA,7
80,3,BONDONE,DEMARCHI ANDREA,PRIMA TRENTO! PER DEMARCHI SINDACO,26
80,3,BONDONE,GABRIELLI SIMONETTA,DEMOCRAZIA SOVRANA POPOLARE,10
80,3,BONDONE,GEAT CLAUDIO,GENERAZIONE TRENTO GEAT SINDACO,12
80,3,BONDONE,GOIO ILARIA,FORZA ITALIA BERLUSCONI PRESIDENTE,16
80,3,BONDONE,GOIO ILARIA,GIORGIA MELONI FRATELLI D'ITALIA,59
80,3,BONDONE,GOIO ILARIA,LEGA SALVINI PREMIER,21
80,3,BONDONE,IANESELLI FRANCO,ALLEANZA VERDI SINISTRA,16
80,3,BONDONE,IANESELLI FRANCO,CAMPOBASE,21
80,3,BONDONE,IANESELLI FRANCO,INSIEME PER TRENTO,37
80,3,BONDONE,IANESELLI FRANCO,INTESA PER IANESELLI SINDACO,14
80,3,BONDONE,IANESELLI FRANCO,PARTITO DEMOCRATICO DEL TRENTINO - PSI,102
80,3,BONDONE,IANESELLI FRANCO,SÌ TRENTO,13
81,2,MEANO,BORTOLOTTI GIULIA,MOVIMENTO 5 STELLE,7
81,2,MEANO,BORTOLOTTI GIULIA,ONDA,28
81,2,MEANO,BORTOLOTTI GIULIA,RIFONDAZIONE PARTITO COMUNISTA,0
81,2,MEANO,DEMARCHI ANDREA,PRIMA TRENTO! PER DEMARCHI SINDACO,16
81,2,MEANO,GABRIELLI SIMONETTA,DEMOCRAZIA SOVRANA POPOLARE,7
81,2,MEANO,GEAT CLAUDIO,GENERAZIONE TRENTO GEAT SINDACO,14
81,2,MEANO,GOIO ILARIA,FORZA ITALIA BERLUSCONI PRESIDENTE,15
81,2,MEANO,GOIO ILARIA,GIORGIA MELONI FRATELLI D'ITALIA,73
81,2,MEANO,GOIO ILARIA,LEGA SALVINI PREMIER,59
81,2,MEANO,IANESELLI FRANCO,ALLEANZA VERDI SINISTRA,9
81,2,MEANO,IANESELLI FRANCO,CAMPOBASE,116
81,2,MEANO,IANESELLI FRANCO,INSIEME PER TRENTO,27
81,2,MEANO,IANESELLI FRANCO,INTESA PER IANESELLI SINDACO,3
81,2,MEANO,IANESELLI FRANCO,PARTITO DEMOCRATICO DEL TRENTINO - PSI,46
81,2,MEANO,IANESELLI FRANCO,SÌ TRENTO,6
82,2,MEANO,BORTOLOTTI GIULIA,MOVIMENTO 5 STELLE,22
82,2,MEANO,BORTOLOTTI GIULIA,ONDA,52
82,2,MEANO,BORTOLOTTI GIULIA,RIFONDAZIONE PARTITO COMUNISTA,10
82,2,MEANO,DEMARCHI ANDREA,PRIMA TRENTO! PER DEMARCHI SINDACO,32
82,2,MEANO,GABRIELLI SIMONETTA,DEMOCRAZIA SOVRANA POPOLARE,9
82,2,MEANO,GEAT CLAUDIO,GENERAZIONE TRENTO GEAT SINDACO,13
82,2,MEANO,GOIO ILARIA,FORZA ITALIA BERLUSCONI PRESIDENTE,13
82,2,MEANO,GOIO ILARIA,GIORGIA MELONI FRATELLI D'ITALIA,90
82,2,MEANO,GOIO ILARIA,LEGA SALVINI PREMIER,51
82,2,MEANO,IANESELLI FRANCO,ALLEANZA VERDI SINISTRA,14
82,2,MEANO,IANESELLI FRANCO,CAMPOBASE,127
82,2,MEANO,IANESELLI FRANCO,INSIEME PER TRENTO,45
82,2,MEANO,IANESELLI FRANCO,INTESA PER IANESELLI SINDACO,12
82,2,MEANO,IANESELLI FRANCO,PARTITO DEMOCRATICO DEL TRENTINO - PSI,78
82,2,MEANO,IANESELLI FRANCO,SÌ TRENTO,6
83,2,MEANO,BORTOLOTTI GIULIA,MOVIMENTO 5 STELLE,17
83,2,MEANO,BORTOLOTTI GIULIA,ONDA,27
83,2,MEANO,BORTOLOTTI GIULIA,RIFONDAZIONE PARTITO COMUNISTA,10
83,2,MEANO,DEMARCHI ANDREA,PRIMA TRENTO! PER DEMARCHI SINDACO,19
83,2,MEANO,GABRIELLI SIMONETTA,DEMOCRAZIA SOVRANA POPOLARE,10
83,2,MEANO,GEAT CLAUDIO,GENERAZIONE TRENTO GEAT SINDACO,17
83,2,MEANO,GOIO ILARIA,FORZA ITALIA BERLUSCONI PRESIDENTE,18
83,2,MEANO,GOIO ILARIA,GIORGIA MELONI FRATELLI D'ITALIA,95
83,2,MEANO,GOIO ILARIA,LEGA SALVINI PREMIER,85
83,2,MEANO,IANESELLI FRANCO,ALLEANZA VERDI SINISTRA,16
83,2,MEANO,IANESELLI FRANCO,CAMPOBASE,135
83,2,MEANO,IANESELLI FRANCO,INSIEME PER TRENTO,49
83,2,MEANO,IANESELLI FRANCO,INTESA PER IANESELLI SINDACO,14
83,2,MEANO,IANESELLI FRANCO,PARTITO DEMOCRATICO DEL TRENTINO - PSI,64
83,2,MEANO,IANESELLI FRANCO,SÌ TRENTO,6
84,1,GARDOLO,BORTOLOTTI GIULIA,MOVIMENTO 5 STELLE,16
84,1,GARDOLO,BORTOLOTTI GIULIA,ONDA,18
84,1,GARDOLO,BORTOLOTTI GIULIA,RIFONDAZIONE PARTITO COMUNISTA,4
84,1,GARDOLO,DEMARCHI ANDREA,PRIMA TRENTO! PER DEMARCHI SINDACO,6
84,1,GARDOLO,GABRIELLI SIMONETTA,DEMOCRAZIA SOVRANA POPOLARE,7
84,1,GARDOLO,GEAT CLAUDIO,GENERAZIONE TRENTO GEAT SINDACO,13
84,1,GARDOLO,GOIO ILARIA,FORZA ITALIA BERLUSCONI PRESIDENTE,9
84,1,GARDOLO,GOIO ILARIA,GIORGIA MELONI FRATELLI D'ITALIA,69
84,1,GARDOLO,GOIO ILARIA,LEGA SALVINI PREMIER,38
84,1,GARDOLO,IANESELLI FRANCO,ALLEANZA VERDI SINISTRA,20
84,1,GARDOLO,IANESELLI FRANCO,CAMPOBASE,75
84,1,GARDOLO,IANESELLI FRANCO,INSIEME PER TRENTO,40
84,1,GARDOLO,IANESELLI FRANCO,INTESA PER IANESELLI SINDACO,26
84,1,GARDOLO,IANESELLI FRANCO,PARTITO DEMOCRATICO DEL TRENTINO - PSI,70
84,1,GARDOLO,IANESELLI FRANCO,SÌ TRENTO,28
85,1,GARDOLO,BORTOLOTTI GIULIA,MOVIMENTO 5 STELLE,6
85,1,GARDOLO,BORTOLOTTI GIULIA,ONDA,14
85,1,GARDOLO,BORTOLOTTI GIULIA,RIFONDAZIONE PARTITO COMUNISTA,11
85,1,GARDOLO,DEMARCHI ANDREA,PRIMA TRENTO! PER DEMARCHI SINDACO,17
85,1,GARDOLO,GABRIELLI SIMONETTA,DEMOCRAZIA SOVRANA POPOLARE,10
85,1,GARDOLO,GEAT CLAUDIO,GENERAZIONE TRENTO GEAT SINDACO,14
85,1,GARDOLO,GOIO ILARIA,FORZA ITALIA BERLUSCONI PRESIDENTE,8
85,1,GARDOLO,GOIO ILARIA,GIORGIA MELONI FRATELLI D'ITALIA,55
85,1,GARDOLO,GOIO ILARIA,LEGA SALVINI PREMIER,38
85,1,GARDOLO,IANESELLI FRANCO,ALLEANZA VERDI SINISTRA,7
85,1,GARDOLO,IANESELLI FRANCO,CAMPOBASE,71
85,1,GARDOLO,IANESELLI FRANCO,INSIEME PER TRENTO,32
85,1,GARDOLO,IANESELLI FRANCO,INTESA PER IANESELLI SINDACO,41
85,1,GARDOLO,IANESELLI FRANCO,PARTITO DEMOCRATICO DEL TRENTINO - PSI,65
85,1,GARDOLO,IANESELLI FRANCO,SÌ TRENTO,24
86,1,GARDOLO,BORTOLOTTI GIULIA,MOVIMENTO 5 STELLE,11
86,1,GARDOLO,BORTOLOTTI GIULIA,ONDA,8
86,1,GARDOLO,BORTOLOTTI GIULIA,RIFONDAZIONE PARTITO COMUNISTA,1
86,1,GARDOLO,DEMARCHI ANDREA,PRIMA TRENTO! PER DEMARCHI SINDACO,16
86,1,GARDOLO,GABRIELLI SIMONETTA,DEMOCRAZIA SOVRANA POPOLARE,9
86,1,GARDOLO,GEAT CLAUDIO,GENERAZIONE TRENTO GEAT SINDACO,13
86,1,GARDOLO,GOIO ILARIA,FORZA ITALIA BERLUSCONI PRESIDENTE,10
86,1,GARDOLO,GOIO ILARIA,GIORGIA MELONI FRATELLI D'ITALIA,94
86,1,GARDOLO,GOIO ILARIA,LEGA SALVINI PREMIER,33
86,1,GARDOLO,IANESELLI FRANCO,ALLEANZA VERDI SINISTRA,9
86,1,GARDOLO,IANESELLI FRANCO,CAMPOBASE,46
86,1,GARDOLO,IANESELLI FRANCO,INSIEME PER TRENTO,44
86,1,GARDOLO,IANESELLI FRANCO,INTESA PER IANESELLI SINDACO,27
86,1,GARDOLO,IANESELLI FRANCO,PARTITO DEMOCRATICO DEL TRENTINO - PSI,80
86,1,GARDOLO,IANESELLI FRANCO,SÌ TRENTO,13
87,1,GARDOLO,BORTOLOTTI GIULIA,MOVIMENTO 5 STELLE,3
87,1,GARDOLO,BORTOLOTTI GIULIA,ONDA,16
87,1,GARDOLO,BORTOLOTTI GIULIA,RIFONDAZIONE PARTITO COMUNISTA,3
87,1,GARDOLO,DEMARCHI ANDREA,PRIMA TRENTO! PER DEMARCHI SINDACO,22
87,1,GARDOLO,GABRIELLI SIMONETTA,DEMOCRAZIA SOVRANA POPOLARE,6
87,1,GARDOLO,GEAT CLAUDIO,GENERAZIONE TRENTO GEAT SINDACO,36
87,1,GARDOLO,GOIO ILARIA,FORZA ITALIA BERLUSCONI PRESIDENTE,16
87,1,GARDOLO,GOIO ILARIA,GIORGIA MELONI FRATELLI D'ITALIA,76
87,1,GARDOLO,GOIO ILARIA,LEGA SALVINI PREMIER,38
87,1,GARDOLO,IANESELLI FRANCO,ALLEANZA VERDI SINISTRA,16
87,1,GARDOLO,IANESELLI FRANCO,CAMPOBASE,91
87,1,GARDOLO,IANESELLI FRANCO,INSIEME PER TRENTO,46
87,1,GARDOLO,IANESELLI FRANCO,INTESA PER IANESELLI SINDACO,14
87,1,GARDOLO,IANESELLI FRANCO,PARTITO DEMOCRATICO DEL TRENTINO - PSI,92
87,1,GARDOLO,IANESELLI FRANCO,SÌ TRENTO,14
88,1,GARDOLO,BORTOLOTTI GIULIA,MOVIMENTO 5 STELLE,12
88,1,GARDOLO,BORTOLOTTI GIULIA,ONDA,10
88,1,GARDOLO,BORTOLOTTI GIULIA,RIFONDAZIONE PARTITO COMUNISTA,5
88,1,GARDOLO,DEMARCHI ANDREA,PRIMA TRENTO! PER DEMARCHI SINDACO,21
88,1,GARDOLO,GABRIELLI SIMONETTA,DEMOCRAZIA SOVRANA POPOLARE,8
88,1,GARDOLO,GEAT CLAUDIO,GENERAZIONE TRENTO GEAT SINDACO,22
88,1,GARDOLO,GOIO ILARIA,FORZA ITALIA BERLUSCONI PRESIDENTE,16
88,1,GARDOLO,GOIO ILARIA,GIORGIA MELONI FRATELLI D'ITALIA,76
88,1,GARDOLO,GOIO ILARIA,LEGA SALVINI PREMIER,45
88,1,GARDOLO,IANESELLI FRANCO,ALLEANZA VERDI SINISTRA,24
88,1,GARDOLO,IANESELLI FRANCO,CAMPOBASE,55
88,1,GARDOLO,IANESELLI FRANCO,INSIEME PER TRENTO,33
88,1,GARDOLO,IANESELLI FRANCO,INTESA PER IANESELLI SINDACO,22
88,1,GARDOLO,IANESELLI FRANCO,PARTITO DEMOCRATICO DEL TRENTINO - PSI,73
88,1,GARDOLO,IANESELLI FRANCO,SÌ TRENTO,11
89,1,GARDOLO,BORTOLOTTI GIULIA,MOVIMENTO 5 STELLE,6
89,1,GARDOLO,BORTOLOTTI GIULIA,ONDA,14
89,1,GARDOLO,BORTOLOTTI GIULIA,RIFONDAZIONE PARTITO COMUNISTA,5
89,1,GARDOLO,DEMARCHI ANDREA,PRIMA TRENTO! PER DEMARCHI SINDACO,22
89,1,GARDOLO,GABRIELLI SIMONETTA,DEMOCRAZIA SOVRANA POPOLARE,7
89,1,GARDOLO,GEAT CLAUDIO,GENERAZIONE TRENTO GEAT SINDACO,9
89,1,GARDOLO,GOIO ILARIA,FORZA ITALIA BERLUSCONI PRESIDENTE,19
89,1,GARDOLO,GOIO ILARIA,GIORGIA MELONI FRATELLI D'ITALIA,52
89,1,GARDOLO,GOIO ILARIA,LEGA SALVINI PREMIER,64
89,1,GARDOLO,IANESELLI FRANCO,ALLEANZA VERDI SINISTRA,11
89,1,GARDOLO,IANESELLI FRANCO,CAMPOBASE,56
89,1,GARDOLO,IANESELLI FRANCO,INSIEME PER TRENTO,34
89,1,GARDOLO,IANESELLI FRANCO,INTESA PER IANESELLI SINDACO,21
89,1,GARDOLO,IANESELLI FRANCO,PARTITO DEMOCRATICO DEL TRENTINO - PSI,60
89,1,GARDOLO,IANESELLI FRANCO,SÌ TRENTO,27
90,1,GARDOLO,BORTOLOTTI GIULIA,MOVIMENTO 5 STELLE,10
90,1,GARDOLO,BORTOLOTTI GIULIA,ONDA,16
90,1,GARDOLO,BORTOLOTTI GIULIA,RIFONDAZIONE PARTITO COMUNISTA,4
90,1,GARDOLO,DEMARCHI ANDREA,PRIMA TRENTO! PER DEMARCHI SINDACO,29
90,1,GARDOLO,GABRIELLI SIMONETTA,DEMOCRAZIA SOVRANA POPOLARE,5
90,1,GARDOLO,GEAT CLAUDIO,GENERAZIONE TRENTO GEAT SINDACO,2
90,1,GARDOLO,GOIO ILARIA,FORZA ITALIA BERLUSCONI PRESIDENTE,16
90,1,GARDOLO,GOIO ILARIA,GIORGIA MELONI FRATELLI D'ITALIA,58
90,1,GARDOLO,GOIO ILARIA,LEGA SALVINI PREMIER,35
90,1,GARDOLO,IANESELLI FRANCO,ALLEANZA VERDI SINISTRA,7
90,1,GARDOLO,IANESELLI FRANCO,CAMPOBASE,60
90,1,GARDOLO,IANESELLI FRANCO,INSIEME PER TRENTO,29
90,1,GARDOLO,IANESELLI FRANCO,INTESA PER IANESELLI SINDACO,14
90,1,GARDOLO,IANESELLI FRANCO,PARTITO DEMOCRATICO DEL TRENTINO - PSI,86
90,1,GARDOLO,IANESELLI FRANCO,SÌ TRENTO,30
91,1,GARDOLO,BORTOLOTTI GIULIA,MOVIMENTO 5 STELLE,13
91,1,GARDOLO,BORTOLOTTI GIULIA,ONDA,12
91,1,GARDOLO,BORTOLOTTI GIULIA,RIFONDAZIONE PARTITO COMUNISTA,2
91,1,GARDOLO,DEMARCHI ANDREA,PRIMA TRENTO! PER DEMARCHI SINDACO,23
91,1,GARDOLO,GABRIELLI SIMONETTA,DEMOCRAZIA SOVRANA POPOLARE,9
91,1,GARDOLO,GEAT CLAUDIO,GENERAZIONE TRENTO GEAT SINDACO,14
91,1,GARDOLO,GOIO ILARIA,FORZA ITALIA BERLUSCONI PRESIDENTE,28
91,1,GARDOLO,GOIO ILARIA,GIORGIA MELONI FRATELLI D'ITALIA,132
91,1,GARDOLO,GOIO ILARIA,LEGA SALVINI PREMIER,38
91,1,GARDOLO,IANESELLI FRANCO,ALLEANZA VERDI SINISTRA,19
91,1,GARDOLO,IANESELLI FRANCO,CAMPOBASE,87
91,1,GARDOLO,IANESELLI FRANCO,INSIEME PER TRENTO,51
91,1,GARDOLO,IANESELLI FRANCO,INTESA PER IANESELLI SINDACO,20
91,1,GARDOLO,IANESELLI FRANCO,PARTITO DEMOCRATICO DEL TRENTINO - PSI,78
91,1,GARDOLO,IANESELLI FRANCO,SÌ TRENTO,15
92,1,GARDOLO,BORTOLOTTI GIULIA,MOVIMENTO 5 STELLE,17
92,1,GARDOLO,BORTOLOTTI GIULIA,ONDA,29
92,1,GARDOLO,BORTOLOTTI GIULIA,RIFONDAZIONE PARTITO COMUNISTA,8
92,1,GARDOLO,DEMARCHI ANDREA,PRIMA TRENTO! PER DEMARCHI SINDACO,13
92,1,GARDOLO,GABRIELLI SIMONETTA,DEMOCRAZIA SOVRANA POPOLARE,6
92,1,GARDOLO,GEAT CLAUDIO,GENERAZIONE TRENTO GEAT SINDACO,25
92,1,GARDOLO,GOIO ILARIA,FORZA ITALIA BERLUSCONI PRESIDENTE,13
92,1,GARDOLO,GOIO ILARIA,GIORGIA MELONI FRATELLI D'ITALIA,72
92,1,GARDOLO,GOIO ILARIA,LEGA SALVINI PREMIER,55
92,1,GARDOLO,IANESELLI FRANCO,ALLEANZA VERDI SINISTRA,18
92,1,GARDOLO,IANESELLI FRANCO,CAMPOBASE,104
92,1,GARDOLO,IANESELLI FRANCO,INSIEME PER TRENTO,40
92,1,GARDOLO,IANESELLI FRANCO,INTESA PER IANESELLI SINDACO,13
92,1,GARDOLO,IANESELLI FRANCO,PARTITO DEMOCRATICO DEL TRENTINO - PSI,93
92,1,GARDOLO,IANESELLI FRANCO,SÌ TRENTO,21
93,1,GARDOLO,BORTOLOTTI GIULIA,MOVIMENTO 5 STELLE,16
93,1,GARDOLO,BORTOLOTTI GIULIA,ONDA,9
93,1,GARDOLO,BORTOLOTTI GIULIA,RIFONDAZIONE PARTITO COMUNISTA,5
93,1,GARDOLO,DEMARCHI ANDREA,PRIMA TRENTO! PER DEMARCHI SINDACO,21
93,1,GARDOLO,GABRIELLI SIMONETTA,DEMOCRAZIA SOVRANA POPOLARE,9
93,1,GARDOLO,GEAT CLAUDIO,GENERAZIONE TRENTO GEAT SINDACO,20
93,1,GARDOLO,GOIO ILARIA,FORZA ITALIA BERLUSCONI PRESIDENTE,24
93,1,GARDOLO,GOIO ILARIA,GIORGIA MELONI FRATELLI D'ITALIA,98
93,1,GARDOLO,GOIO ILARIA,LEGA SALVINI PREMIER,50
93,1,GARDOLO,IANESELLI FRANCO,ALLEANZA VERDI SINISTRA,15
93,1,GARDOLO,IANESELLI FRANCO,CAMPOBASE,57
93,1,GARDOLO,IANESELLI FRANCO,INSIEME PER TRENTO,31
93,1,GARDOLO,IANESELLI FRANCO,INTESA PER IANESELLI SINDACO,20
93,1,GARDOLO,IANESELLI FRANCO,PARTITO DEMOCRATICO DEL TRENTINO - PSI,57
93,1,GARDOLO,IANESELLI FRANCO,SÌ TRENTO,21
94,12,C.STORICO/PIEDICASTELLO,BORTOLOTTI GIULIA,MOVIMENTO 5 STELLE,6
94,12,C.STORICO/PIEDICASTELLO,BORTOLOTTI GIULIA,ONDA,4
94,12,C.STORICO/PIEDICASTELLO,BORTOLOTTI GIULIA,RIFONDAZIONE PARTITO COMUNISTA,5
94,12,C.STORICO/PIEDICASTELLO,DEMARCHI ANDREA,PRIMA TRENTO! PER DEMARCHI SINDACO,4
94,12,C.STORICO/PIEDICASTELLO,GABRIELLI SIMONETTA,DEMOCRAZIA SOVRANA POPOLARE,4
94,12,C.STORICO/PIEDICASTELLO,GEAT CLAUDIO,GENERAZIONE TRENTO GEAT SINDACO,19
94,12,C.STORICO/PIEDICASTELLO,GOIO ILARIA,FORZA ITALIA BERLUSCONI PRESIDENTE,9
94,12,C.STORICO/PIEDICASTELLO,GOIO ILARIA,GIORGIA MELONI FRATELLI D'ITALIA,58
94,12,C.STORICO/PIEDICASTELLO,GOIO ILARIA,LEGA SALVINI PREMIER,15
94,12,C.STORICO/PIEDICASTELLO,IANESELLI FRANCO,ALLEANZA VERDI SINISTRA,19
94,12,C.STORICO/PIEDICASTELLO,IANESELLI FRANCO,CAMPOBASE,14
94,12,C.STORICO/PIEDICASTELLO,IANESELLI FRANCO,INSIEME PER TRENTO,38
94,12,C.STORICO/PIEDICASTELLO,IANESELLI FRANCO,INTESA PER IANESELLI SINDACO,15
94,12,C.STORICO/PIEDICASTELLO,IANESELLI FRANCO,PARTITO DEMOCRATICO DEL TRENTINO - PSI,83
94,12,C.STORICO/PIEDICASTELLO,IANESELLI FRANCO,SÌ TRENTO,4
95,5,RAVINA-ROMAGNANO,BORTOLOTTI GIULIA,MOVIMENTO 5 STELLE,9
95,5,RAVINA-ROMAGNANO,BORTOLOTTI GIULIA,ONDA,9
95,5,RAVINA-ROMAGNANO,BORTOLOTTI GIULIA,RIFONDAZIONE PARTITO COMUNISTA,5
95,5,RAVINA-ROMAGNANO,DEMARCHI ANDREA,PRIMA TRENTO! PER DEMARCHI SINDACO,14
95,5,RAVINA-ROMAGNANO,GABRIELLI SIMONETTA,DEMOCRAZIA SOVRANA POPOLARE,8
95,5,RAVINA-ROMAGNANO,GEAT CLAUDIO,GENERAZIONE TRENTO GEAT SINDACO,22
95,5,RAVINA-ROMAGNANO,GOIO ILARIA,FORZA ITALIA BERLUSCONI PRESIDENTE,49
95,5,RAVINA-ROMAGNANO,GOIO ILARIA,GIORGIA MELONI FRATELLI D'ITALIA,42
95,5,RAVINA-ROMAGNANO,GOIO ILARIA,LEGA SALVINI PREMIER,29
95,5,RAVINA-ROMAGNANO,IANESELLI FRANCO,ALLEANZA VERDI SINISTRA,15
95,5,RAVINA-ROMAGNANO,IANESELLI FRANCO,CAMPOBASE,33
95,5,RAVINA-ROMAGNANO,IANESELLI FRANCO,INSIEME PER TRENTO,20
95,5,RAVINA-ROMAGNANO,IANESELLI FRANCO,INTESA PER IANESELLI SINDACO,7
95,5,RAVINA-ROMAGNANO,IANESELLI FRANCO,PARTITO DEMOCRATICO DEL TRENTINO - PSI,93
95,5,RAVINA-ROMAGNANO,IANESELLI FRANCO,SÌ TRENTO,6
96,2,MEANO,BORTOLOTTI GIULIA,MOVIMENTO 5 STELLE,12
96,2,MEANO,BORTOLOTTI GIULIA,ONDA,30
96,2,MEANO,BORTOLOTTI GIULIA,RIFONDAZIONE PARTITO COMUNISTA,14
96,2,MEANO,DEMARCHI ANDREA,PRIMA TRENTO! PER DEMARCHI SINDACO,20
96,2,MEANO,GABRIELLI SIMONETTA,DEMOCRAZIA SOVRANA POPOLARE,9
96,2,MEANO,GEAT CLAUDIO,GENERAZIONE TRENTO GEAT SINDACO,28
96,2,MEANO,GOIO ILARIA,FORZA ITALIA BERLUSCONI PRESIDENTE,18
96,2,MEANO,GOIO ILARIA,GIORGIA MELONI FRATELLI D'ITALIA,72
96,2,MEANO,GOIO ILARIA,LEGA SALVINI PREMIER,47
96,2,MEANO,IANESELLI FRANCO,ALLEANZA VERDI SINISTRA,26
96,2,MEANO,IANESELLI FRANCO,CAMPOBASE,114
96,2,MEANO,IANESELLI FRANCO,INSIEME PER TRENTO,32
96,2,MEANO,IANESELLI FRANCO,INTESA PER IANESELLI SINDACO,5
96,2,MEANO,IANESELLI FRANCO,PARTITO DEMOCRATICO DEL TRENTINO - PSI,59
96,2,MEANO,IANESELLI FRANCO,SÌ TRENTO,9
97,6,ARGENTARIO,BORTOLOTTI GIULIA,MOVIMENTO 5 STELLE,12
97,6,ARGENTARIO,BORTOLOTTI GIULIA,ONDA,19
97,6,ARGENTARIO,BORTOLOTTI GIULIA,RIFONDAZIONE PARTITO COMUNISTA,9
97,6,ARGENTARIO,DEMARCHI ANDREA,PRIMA TRENTO! PER DEMARCHI SINDACO,43
97,6,ARGENTARIO,GABRIELLI SIMONETTA,DEMOCRAZIA SOVRANA POPOLARE,17
97,6,ARGENTARIO,GEAT CLAUDIO,GENERAZIONE TRENTO GEAT SINDACO,35
97,6,ARGENTARIO,GOIO ILARIA,FORZA ITALIA BERLUSCONI PRESIDENTE,22
97,6,ARGENTARIO,GOIO ILARIA,GIORGIA MELONI FRATELLI D'ITALIA,87
97,6,ARGENTARIO,GOIO ILARIA,LEGA SALVINI PREMIER,53
97,6,ARGENTARIO,IANESELLI FRANCO,ALLEANZA VERDI SINISTRA,36
97,6,ARGENTARIO,IANESELLI FRANCO,CAMPOBASE,89
97,6,ARGENTARIO,IANESELLI FRANCO,INSIEME PER TRENTO,42
97,6,ARGENTARIO,IANESELLI FRANCO,INTESA PER IANESELLI SINDACO,18
97,6,ARGENTARIO,IANESELLI FRANCO,PARTITO DEMOCRATICO DEL TRENTINO - PSI,119
97,6,ARGENTARIO,IANESELLI FRANCO,SÌ TRENTO,15
98,3,BONDONE,BORTOLOTTI GIULIA,MOVIMENTO 5 STELLE,10
98,3,BONDONE,BORTOLOTTI GIULIA,ONDA,19
98,3,BONDONE,BORTOLOTTI GIULIA,RIFONDAZIONE PARTITO COMUNISTA,7
98,3,BONDONE,DEMARCHI ANDREA,PRIMA TRENTO! PER DEMARCHI SINDACO,23
98,3,BONDONE,GABRIELLI SIMONETTA,DEMOCRAZIA SOVRANA POPOLARE,12
98,3,BONDONE,GEAT CLAUDIO,GENERAZIONE TRENTO GEAT SINDACO,32
98,3,BONDONE,GOIO ILARIA,FORZA ITALIA BERLUSCONI PRESIDENTE,25
98,3,BONDONE,GOIO ILARIA,GIORGIA MELONI FRATELLI D'ITALIA,62
98,3,BONDONE,GOIO ILARIA,LEGA SALVINI PREMIER,49
98,3,BONDONE,IANESELLI FRANCO,ALLEANZA VERDI SINISTRA,32
98,3,BONDONE,IANESELLI FRANCO,CAMPOBASE,75
98,3,BONDONE,IANESELLI FRANCO,INSIEME PER TRENTO,32
98,3,BONDONE,IANESELLI FRANCO,INTESA PER IANESELLI SINDACO,11
98,3,BONDONE,IANESELLI FRANCO,PARTITO DEMOCRATICO DEL TRENTINO - PSI,145
98,3,BONDONE,IANESELLI FRANCO,SÌ TRENTO,7
